title,author,time,link
「至臻麥森」特展插旗新竹大遠百  馬第斯大師現身分享瓷藝風華,民眾日報,2025-05-28 17:12:19,/%E8%87%B3%E8%87%BB%E9%BA%A5%E6%A3%AE-%E7%89%B9%E5%B1%95%E6%8F%92%E6%97%97%E6%96%B0%E7%AB%B9%E5%A4%A7%E9%81%A0%E7%99%BE-%E9%A6%AC%E7%AC%AC%E6%96%AF%E5%A4%A7%E5%B8%AB%E7%8F%BE%E8%BA%AB%E5%88%86%E4%BA%AB%E7%93%B7%E8%97%9D%E9%A2%A8%E8%8F%AF-091219073.html
李俊俋認「公務車送愛犬美容」　蔡正元狠酸：狗比官大,中天新聞網,2025-05-28 17:12:11,/%E6%9D%8E%E4%BF%8A%E4%BF%8B%E8%AA%8D-%E5%85%AC%E5%8B%99%E8%BB%8A%E9%80%81%E6%84%9B%E7%8A%AC%E7%BE%8E%E5%AE%B9-%E8%94%A1%E6%AD%A3%E5%85%83%E7%8B%A0%E9%85%B8-%E7%8B%97%E6%AF%94%E5%AE%98%E5%A4%A7-071846163.html
【MSI25】2025《英雄聯盟》季中邀請賽懶人包來了！賽制、時間、參賽隊伍、直播網址全在這！,Yahoo奇摩遊戲編輯部,2025-05-28 17:12:06,/%E3%80%90msi25%E3%80%912025%E3%80%8A%E8%8B%B1%E9%9B%84%E8%81%AF%E7%9B%9F%E3%80%8B%E5%AD%A3%E4%B8%AD%E9%82%80%E8%AB%8B%E8%B3%BD%E6%87%B6%E4%BA%BA%E5%8C%85%E4%BE%86%E4%BA%86%EF%BC%81%E8%B3%BD%E5%88%B6%E3%80%81%E6%99%82%E9%96%93%E3%80%81%E5%8F%83%E8%B3%BD%E9%9A%8A%E4%BC%8D%E3%80%81%E7%9B%B4%E6%92%AD%E7%B6%B2%E5%9D%80%E5%85%A8%E5%9C%A8%E9%80%99%EF%BC%81-091206661.html
休漁期成藉口？海巡署控陸海警「亮劍行動」擾台　每月2小時常態騷擾,TVBS新聞網,2025-05-28 17:12:03,/%E4%BC%91%E6%BC%81%E6%9C%9F%E6%88%90%E8%97%89%E5%8F%A3-%E6%B5%B7%E5%B7%A1%E7%BD%B2%E6%8E%A7%E9%99%B8%E6%B5%B7%E8%AD%A6-%E4%BA%AE%E5%8A%8D%E8%A1%8C%E5%8B%95-%E6%93%BE%E5%8F%B0-%E6%AF%8F%E6%9C%882%E5%B0%8F%E6%99%82%E5%B8%B8%E6%85%8B%E9%A8%B7%E6%93%BE-091203488.html
中信金發布重訊！辜仲諒宣布6/13股東會後辭董事,中天新聞網,2025-05-28 17:11:47,/%E4%B8%AD%E4%BF%A1%E9%87%91%E7%99%BC%E5%B8%83%E9%87%8D%E8%A8%8A-%E8%BE%9C%E4%BB%B2%E8%AB%92%E5%AE%A3%E5%B8%836-13%E8%82%A1%E6%9D%B1%E6%9C%83%E5%BE%8C%E8%BE%AD%E8%91%A3%E4%BA%8B-091147929.html
太誇張！聯結車違停買檳榔還闖紅燈 遭路人直擊拍下PO網,中華日報,2025-05-28 17:11:10,/%E5%A4%AA%E8%AA%87%E5%BC%B5-%E8%81%AF%E7%B5%90%E8%BB%8A%E9%81%95%E5%81%9C%E8%B2%B7%E6%AA%B3%E6%A6%94%E9%82%84%E9%97%96%E7%B4%85%E7%87%88-%E9%81%AD%E8%B7%AF%E4%BA%BA%E7%9B%B4%E6%93%8A%E6%8B%8D%E4%B8%8Bpo%E7%B6%B2-091110903.html
「接送寵物、看牙」連環爆　監院：6月2日起全體職員禁用公務車,中天新聞網,2025-05-28 17:10:47,/%E6%8E%A5%E9%80%81%E5%AF%B5%E7%89%A9-%E7%9C%8B%E7%89%99-%E9%80%A3%E7%92%B0%E7%88%86-%E7%9B%A3%E9%99%A2-6%E6%9C%882%E6%97%A5%E8%B5%B7%E5%85%A8%E9%AB%94%E8%81%B7%E5%93%A1%E7%A6%81%E7%94%A8%E5%85%AC%E5%8B%99%E8%BB%8A-091047949.html
《艾爾登法環 黑夜君臨》即將推出！總監透露從《黑暗靈魂3》就開始構思,Yahoo奇摩遊戲編輯部,2025-05-28 17:10:04,/%E3%80%8A%E8%89%BE%E7%88%BE%E7%99%BB%E6%B3%95%E7%92%B0-%E9%BB%91%E5%A4%9C%E5%90%9B%E8%87%A8%E3%80%8B%E5%8D%B3%E5%B0%87%E6%8E%A8%E5%87%BA%EF%BC%81%E7%B8%BD%E7%9B%A3%E9%80%8F%E9%9C%B2%E5%BE%9E%E3%80%8A%E9%BB%91%E6%9A%97%E9%9D%88%E9%AD%823%E3%80%8B%E5%B0%B1%E9%96%8B%E5%A7%8B%E6%A7%8B%E6%80%9D-091004447.html
快訊／震撼彈！中信金辜仲諒宣布辭任董事長　6月股東會後生效,三立新聞網 setn.com,2025-05-28 17:09:00,/%E5%BF%AB%E8%A8%8A-%E9%9C%87%E6%92%BC%E5%BD%88-%E4%B8%AD%E4%BF%A1%E9%87%91%E8%BE%9C%E4%BB%B2%E8%AB%92%E5%AE%A3%E5%B8%83%E8%BE%AD%E4%BB%BB%E8%91%A3%E4%BA%8B%E9%95%B7-6%E6%9C%88%E8%82%A1%E6%9D%B1%E6%9C%83%E5%BE%8C%E7%94%9F%E6%95%88-090900851.html
自曝「很不喜歡林昶佐」　呱吉揭他私下真面目：以後有任何要求都不會答應,風傳媒,2025-05-28 17:08:55,/%E8%87%AA%E6%9B%9D-%E5%BE%88%E4%B8%8D%E5%96%9C%E6%AD%A1%E6%9E%97%E6%98%B6%E4%BD%90-%E5%91%B1%E5%90%89%E6%8F%AD%E4%BB%96%E7%A7%81%E4%B8%8B%E7%9C%9F%E9%9D%A2%E7%9B%AE-%E4%BB%A5%E5%BE%8C%E6%9C%89%E4%BB%BB%E4%BD%95%E8%A6%81%E6%B1%82%E9%83%BD%E4%B8%8D%E6%9C%83%E7%AD%94%E6%87%89-090855460.html
端午連假何處去 勞發署中彰投分署特色計畫旅遊,中華日報,2025-05-28 17:07:56,/%E7%AB%AF%E5%8D%88%E9%80%A3%E5%81%87%E4%BD%95%E8%99%95%E5%8E%BB-%E5%8B%9E%E7%99%BC%E7%BD%B2%E4%B8%AD%E5%BD%B0%E6%8A%95%E5%88%86%E7%BD%B2%E7%89%B9%E8%89%B2%E8%A8%88%E7%95%AB%E6%97%85%E9%81%8A-090756707.html
影/台南27歲正妹開車暴衝！　撞騎士後直直撞進店家,中天新聞網,2025-05-28 17:07:44,/%E5%BD%B1-%E5%8F%B0%E5%8D%9727%E6%AD%B2%E6%AD%A3%E5%A6%B9%E9%96%8B%E8%BB%8A%E6%9A%B4%E8%A1%9D-%E6%92%9E%E9%A8%8E%E5%A3%AB%E5%BE%8C%E7%9B%B4%E7%9B%B4%E6%92%9E%E9%80%B2%E5%BA%97%E5%AE%B6-090744473.html
端節關懷榮民眷    新北榮服處鏈結企業團體溫馨送暖,民眾日報,2025-05-28 17:07:34,/%E7%AB%AF%E7%AF%80%E9%97%9C%E6%87%B7%E6%A6%AE%E6%B0%91%E7%9C%B7-%E6%96%B0%E5%8C%97%E6%A6%AE%E6%9C%8D%E8%99%95%E9%8F%88%E7%B5%90%E4%BC%81%E6%A5%AD%E5%9C%98%E9%AB%94%E6%BA%AB%E9%A6%A8%E9%80%81%E6%9A%96-090734439.html
咳嗽、鼻水也吃抗生素？ 細菌感染引起的感冒才需要吃,NOW健康,2025-05-28 17:07:00,/%E5%92%B3%E5%97%BD-%E9%BC%BB%E6%B0%B4%E4%B9%9F%E5%90%83%E6%8A%97%E7%94%9F%E7%B4%A0-%E7%B4%B0%E8%8F%8C%E6%84%9F%E6%9F%93%E5%BC%95%E8%B5%B7%E7%9A%84%E6%84%9F%E5%86%92%E6%89%8D%E9%9C%80%E8%A6%81%E5%90%83-090700017.html
台中女用餐突吐血昏厥休克　急送醫揭「食道血管爆裂」,引新聞,2025-05-28 17:06:59,/%E5%8F%B0%E4%B8%AD%E5%A5%B3%E7%94%A8%E9%A4%90%E7%AA%81%E5%90%90%E8%A1%80%E6%98%8F%E5%8E%A5%E4%BC%91%E5%85%8B-%E6%80%A5%E9%80%81%E9%86%AB%E6%8F%AD-%E9%A3%9F%E9%81%93%E8%A1%80%E7%AE%A1%E7%88%86%E8%A3%82-090659512.html
「桃園市民卡2.0」行動支付上路　6月起線上繳停車費享5折優惠,台灣好新聞,2025-05-28 17:06:39,/%E6%A1%83%E5%9C%92%E5%B8%82%E6%B0%91%E5%8D%A12-0-%E8%A1%8C%E5%8B%95%E6%94%AF%E4%BB%98%E4%B8%8A%E8%B7%AF-6%E6%9C%88%E8%B5%B7%E7%B7%9A%E4%B8%8A%E7%B9%B3%E5%81%9C%E8%BB%8A%E8%B2%BB%E4%BA%AB5%E6%8A%98%E5%84%AA%E6%83%A0-090639385.html
台南水雉繁殖獎勵金開始申請 已有40人通報82巢,中華日報,2025-05-28 17:05:58,/%E5%8F%B0%E5%8D%97%E6%B0%B4%E9%9B%89%E7%B9%81%E6%AE%96%E7%8D%8E%E5%8B%B5%E9%87%91%E9%96%8B%E5%A7%8B%E7%94%B3%E8%AB%8B-%E5%B7%B2%E6%9C%8940%E4%BA%BA%E9%80%9A%E5%A0%B182%E5%B7%A2-090558433.html
被爆公務卡刷鉅款買水果 對手轟李在明：家裡養大象？,TVBS新聞網,2025-05-28 17:05:44,/%E8%A2%AB%E7%88%86%E5%85%AC%E5%8B%99%E5%8D%A1%E5%88%B7%E9%89%85%E6%AC%BE%E8%B2%B7%E6%B0%B4%E6%9E%9C-%E5%B0%8D%E6%89%8B%E8%BD%9F%E6%9D%8E%E5%9C%A8%E6%98%8E-%E5%AE%B6%E8%A3%A1%E9%A4%8A%E5%A4%A7%E8%B1%A1-090544064.html
火箭創客挑戰營首度進入日南國中 點燃國中生科學實作力,中華日報,2025-05-28 17:05:16,/%E7%81%AB%E7%AE%AD%E5%89%B5%E5%AE%A2%E6%8C%91%E6%88%B0%E7%87%9F%E9%A6%96%E5%BA%A6%E9%80%B2%E5%85%A5%E6%97%A5%E5%8D%97%E5%9C%8B%E4%B8%AD-%E9%BB%9E%E7%87%83%E5%9C%8B%E4%B8%AD%E7%94%9F%E7%A7%91%E5%AD%B8%E5%AF%A6%E4%BD%9C%E5%8A%9B-090516685.html
誠新綠能與分包商面對面溝通　積極協助釐清爭議,台灣好報,2025-05-28 17:04:28,/%E8%AA%A0%E6%96%B0%E7%B6%A0%E8%83%BD%E8%88%87%E5%88%86%E5%8C%85%E5%95%86%E9%9D%A2%E5%B0%8D%E9%9D%A2%E6%BA%9D%E9%80%9A-%E7%A9%8D%E6%A5%B5%E5%8D%94%E5%8A%A9%E9%87%90%E6%B8%85%E7%88%AD%E8%AD%B0-090428388.html
影／2鴿子闖達美航空客機　害航班2度返航,今日新聞NOWnews,2025-05-28 17:04:10,/2%E9%B4%BF%E5%AD%90%E9%97%96%E9%81%94%E7%BE%8E%E8%88%AA%E7%A9%BA%E5%AE%A2%E6%A9%9F-%E5%AE%B3%E8%88%AA%E7%8F%AD2%E5%BA%A6%E8%BF%94%E8%88%AA-070647105.html
端午連假5縣市訂房率破5成！國道出遊尖峰日、疏導措施一次看,壹蘋新聞網,2025-05-28 17:04:00,/%E7%AB%AF%E5%8D%88%E9%80%A3%E5%81%875%E7%B8%A3%E5%B8%82%E8%A8%82%E6%88%BF%E7%8E%87%E7%A0%B45%E6%88%90-%E5%9C%8B%E9%81%93%E5%87%BA%E9%81%8A%E5%B0%96%E5%B3%B0%E6%97%A5-%E7%96%8F%E5%B0%8E%E6%8E%AA%E6%96%BD-%E6%AC%A1%E7%9C%8B-090400590.html
文武大眾爺聖誕　劉和然參香祝壽廟方捐贈110萬助警勤務,台灣好報,2025-05-28 17:04:00,/%E6%96%87%E6%AD%A6%E5%A4%A7%E7%9C%BE%E7%88%BA%E8%81%96%E8%AA%95-%E5%8A%89%E5%92%8C%E7%84%B6%E5%8F%83%E9%A6%99%E7%A5%9D%E5%A3%BD%E5%BB%9F%E6%96%B9%E6%8D%90%E8%B4%88110%E8%90%AC%E5%8A%A9%E8%AD%A6%E5%8B%A4%E5%8B%99-090400546.html
日本參議員橋本聖子拜會周春米 雙方藍碳科技交流,台灣新生報,2025-05-28 17:03:48,/%E6%97%A5%E6%9C%AC%E5%8F%83%E8%AD%B0%E5%93%A1%E6%A9%8B%E6%9C%AC%E8%81%96%E5%AD%90%E6%8B%9C%E6%9C%83%E5%91%A8%E6%98%A5%E7%B1%B3-%E9%9B%99%E6%96%B9%E8%97%8D%E7%A2%B3%E7%A7%91%E6%8A%80%E4%BA%A4%E6%B5%81-090348004.html
仁愛鄉投89線30.7K 今起夜間預警性封路,台灣新生報,2025-05-28 17:03:01,/%E4%BB%81%E6%84%9B%E9%84%89%E6%8A%9589%E7%B7%9A30-7k-%E4%BB%8A%E8%B5%B7%E5%A4%9C%E9%96%93%E9%A0%90%E8%AD%A6%E6%80%A7%E5%B0%81%E8%B7%AF-090301626.html
台水為台灣綠能發展盡一分心力　攜手韋峰能源催生湖山小水力電廠,鏡週刊Mirror Media,2025-05-28 17:03:00,/%E5%8F%B0%E6%B0%B4%E7%82%BA%E5%8F%B0%E7%81%A3%E7%B6%A0%E8%83%BD%E7%99%BC%E5%B1%95%E7%9B%A1-%E5%88%86%E5%BF%83%E5%8A%9B-%E6%94%9C%E6%89%8B%E9%9F%8B%E5%B3%B0%E8%83%BD%E6%BA%90%E5%82%AC%E7%94%9F%E6%B9%96%E5%B1%B1%E5%B0%8F%E6%B0%B4%E5%8A%9B%E9%9B%BB%E5%BB%A0-090300622.html
端午搭乘公共運輸暢遊宜蘭 限定加碼優惠,中華日報,2025-05-28 17:02:33,/%E7%AB%AF%E5%8D%88%E6%90%AD%E4%B9%98%E5%85%AC%E5%85%B1%E9%81%8B%E8%BC%B8%E6%9A%A2%E9%81%8A%E5%AE%9C%E8%98%AD-%E9%99%90%E5%AE%9A%E5%8A%A0%E7%A2%BC%E5%84%AA%E6%83%A0-090233930.html
臺西警與轄內金融機構2個月內合力阻詐300萬元,台灣新生報,2025-05-28 17:02:12,/%E8%87%BA%E8%A5%BF%E8%AD%A6%E8%88%87%E8%BD%84%E5%85%A7%E9%87%91%E8%9E%8D%E6%A9%9F%E6%A7%8B2%E5%80%8B%E6%9C%88%E5%85%A7%E5%90%88%E5%8A%9B%E9%98%BB%E8%A9%90300%E8%90%AC%E5%85%83-090212317.html
女律師爆啦啦隊「傻白甜」當小三　挨告仍纏人夫！墮胎照跳,壹蘋新聞網,2025-05-28 17:02:00,/%E5%A5%B3%E5%BE%8B%E5%B8%AB%E7%88%86%E5%95%A6%E5%95%A6%E9%9A%8A-%E5%82%BB%E7%99%BD%E7%94%9C-%E7%95%B6%E5%B0%8F%E4%B8%89-%E6%8C%A8%E5%91%8A%E4%BB%8D%E7%BA%8F%E4%BA%BA%E5%A4%AB-%E5%A2%AE%E8%83%8E%E7%85%A7%E8%B7%B3-090200946.html
電影是真的！聯結車撞進口神車「垂直推著走」輪胎白煙狂冒　驚人畫面曝,三立新聞網 setn.com,2025-05-28 17:02:00,/%E9%9B%BB%E5%BD%B1%E6%98%AF%E7%9C%9F%E7%9A%84-%E8%81%AF%E7%B5%90%E8%BB%8A%E6%92%9E%E9%80%B2%E5%8F%A3%E7%A5%9E%E8%BB%8A-%E5%9E%82%E7%9B%B4%E6%8E%A8%E8%91%97%E8%B5%B0-%E8%BC%AA%E8%83%8E%E7%99%BD%E7%85%99%E7%8B%82%E5%86%92-%E9%A9%9A%E4%BA%BA%E7%95%AB%E9%9D%A2%E6%9B%9D-090200116.html
端午不只吃粽子！3種「午時菜」助長壽開運　蒜炒長豇豆好吃又健康,三立新聞網 setn.com,2025-05-28 17:02:00,/%E7%AB%AF%E5%8D%88%E4%B8%8D%E5%8F%AA%E5%90%83%E7%B2%BD%E5%AD%90-3%E7%A8%AE-%E5%8D%88%E6%99%82%E8%8F%9C-%E5%8A%A9%E9%95%B7%E5%A3%BD%E9%96%8B%E9%81%8B-%E8%92%9C%E7%82%92%E9%95%B7%E8%B1%87%E8%B1%86%E5%A5%BD%E5%90%83%E5%8F%88%E5%81%A5%E5%BA%B7-090200184.html
賓果賓果超級獎號投注新攻略社群平台掀熱議,今日新聞NOWnews,2025-05-28 17:01:46,/%E8%B3%93%E6%9E%9C%E8%B3%93%E6%9E%9C%E8%B6%85%E7%B4%9A%E7%8D%8E%E8%99%9F%E6%8A%95%E6%B3%A8%E6%96%B0%E6%94%BB%E7%95%A5%E7%A4%BE%E7%BE%A4%E5%B9%B3%E5%8F%B0%E6%8E%80%E7%86%B1%E8%AD%B0-090146801.html
【合庫金法說1】台幣升1角人壽影響1500萬元 全年匯兌收益估逾75億元,Yahoo奇摩股市,2025-05-28 17:01:46,/%E3%80%90%E5%90%88%E5%BA%AB%E9%87%91%E6%B3%95%E8%AA%AA1%E3%80%91%E5%8F%B0%E5%B9%A3%E5%8D%871%E8%A7%92%E4%BA%BA%E5%A3%BD%E5%BD%B1%E9%9F%BF1500%E8%90%AC%E5%85%83-%E5%85%A8%E5%B9%B4%E5%8C%AF%E5%85%8C%E6%94%B6%E7%9B%8A%E4%BC%B0%E9%80%BE75%E5%84%84%E5%85%83-090146686.html
提3數據打臉彭啓明　蘇俊賓：火力發電勿牽拖廚房媽媽,匯流新聞網,2025-05-28 17:01:34,/%E6%8F%903%E6%95%B8%E6%93%9A%E6%89%93%E8%87%89%E5%BD%AD%E5%95%93%E6%98%8E-%E8%98%87%E4%BF%8A%E8%B3%93-%E7%81%AB%E5%8A%9B%E7%99%BC%E9%9B%BB%E5%8B%BF%E7%89%BD%E6%8B%96%E5%BB%9A%E6%88%BF%E5%AA%BD%E5%AA%BD-090134409.html
端午涼一夏！臺北醫院推中醫茶飲　倡導正確補水保元氣,引新聞,2025-05-28 17:01:20,/%E7%AB%AF%E5%8D%88%E6%B6%BC-%E5%A4%8F-%E8%87%BA%E5%8C%97%E9%86%AB%E9%99%A2%E6%8E%A8%E4%B8%AD%E9%86%AB%E8%8C%B6%E9%A3%B2-%E5%80%A1%E5%B0%8E%E6%AD%A3%E7%A2%BA%E8%A3%9C%E6%B0%B4%E4%BF%9D%E5%85%83%E6%B0%A3-090120359.html
愛心米關懷會電動醫療床送暖泰武鄉 陪伴孔女士一家走過風雨人生,台灣新生報,2025-05-28 17:01:10,/%E6%84%9B%E5%BF%83%E7%B1%B3%E9%97%9C%E6%87%B7%E6%9C%83%E9%9B%BB%E5%8B%95%E9%86%AB%E7%99%82%E5%BA%8A%E9%80%81%E6%9A%96%E6%B3%B0%E6%AD%A6%E9%84%89-%E9%99%AA%E4%BC%B4%E5%AD%94%E5%A5%B3%E5%A3%AB-%E5%AE%B6%E8%B5%B0%E9%81%8E%E9%A2%A8%E9%9B%A8%E4%BA%BA%E7%94%9F-090110798.html
吳彥祖寵妻無極限！拍下老婆47歲生日「騎馬英姿」　甜喊：她臉上的笑容真是太美,姊妹淘,2025-05-28 17:00:54,/%E5%90%B3%E5%BD%A5%E7%A5%96%E5%AF%B5%E5%A6%BB%E7%84%A1%E6%A5%B5%E9%99%90-%E6%8B%8D%E4%B8%8B%E8%80%81%E5%A9%8647%E6%AD%B2%E7%94%9F%E6%97%A5-%E9%A8%8E%E9%A6%AC%E8%8B%B1%E5%A7%BF-%E7%94%9C%E5%96%8A-%E5%A5%B9%E8%87%89%E4%B8%8A%E7%9A%84%E7%AC%91%E5%AE%B9%E7%9C%9F%E6%98%AF%E5%A4%AA%E7%BE%8E-090054719.html
罷吳思瑤更換領銜人失敗　原領銜人張克晉被檢調約談退出難成案,信傳媒,2025-05-28 17:00:12,/%E7%BD%B7%E5%90%B3%E6%80%9D%E7%91%A4%E6%9B%B4%E6%8F%9B%E9%A0%98%E9%8A%9C%E4%BA%BA%E5%A4%B1%E6%95%97-%E5%8E%9F%E9%A0%98%E9%8A%9C%E4%BA%BA%E5%BC%B5%E5%85%8B%E6%99%89%E8%A2%AB%E6%AA%A2%E8%AA%BF%E7%B4%84%E8%AB%87%E9%80%80%E5%87%BA%E9%9B%A3%E6%88%90%E6%A1%88-090012503.html
媽媽堅持不放棄　守護生命奇蹟103天,健康醫療網,2025-05-28 17:00:00,/%E5%AA%BD%E5%AA%BD%E5%A0%85%E6%8C%81%E4%B8%8D%E6%94%BE%E6%A3%84-%E5%AE%88%E8%AD%B7%E7%94%9F%E5%91%BD%E5%A5%87%E8%B9%9F103%E5%A4%A9-090000139.html
端午連假  新店不只有碧潭水舞季，一次攻略報你知！,旅遊經,2025-05-28 17:00:00,/%E7%AB%AF%E5%8D%88%E9%80%A3%E5%81%87-%E6%96%B0%E5%BA%97%E4%B8%8D%E5%8F%AA%E6%9C%89%E7%A2%A7%E6%BD%AD%E6%B0%B4%E8%88%9E%E5%AD%A3-%E6%AC%A1%E6%94%BB%E7%95%A5%E5%A0%B1%E4%BD%A0%E7%9F%A5-090000868.html
田調演唱會難回本？田馥甄自嘲「敗家子」被問大巨蛋鬆口回應,三立新聞網 setn.com,2025-05-28 17:00:00,/%E7%94%B0%E8%AA%BF%E6%BC%94%E5%94%B1%E6%9C%83%E9%9B%A3%E5%9B%9E%E6%9C%AC-%E7%94%B0%E9%A6%A5%E7%94%84%E8%87%AA%E5%98%B2-%E6%95%97%E5%AE%B6%E5%AD%90-%E8%A2%AB%E5%95%8F%E5%A4%A7%E5%B7%A8%E8%9B%8B%E9%AC%86%E5%8F%A3%E5%9B%9E%E6%87%89-090000971.html
蔡阿嘎突PO片「幫家寧逆轉勝」！揭5內幕喊：Andy準備翻車,民視,2025-05-28 16:59:54,/%E8%94%A1%E9%98%BF%E5%98%8E%E7%AA%81po%E7%89%87-%E5%B9%AB%E5%AE%B6%E5%AF%A7%E9%80%86%E8%BD%89%E5%8B%9D-%E6%8F%AD5%E5%85%A7%E5%B9%95%E5%96%8A-andy%E6%BA%96%E5%82%99%E7%BF%BB%E8%BB%8A-085954398.html
江啟臣接見歐洲青年政治領袖團 盼深化台歐關係,中央社,2025-05-28 16:59:45,/%E6%B1%9F%E5%95%9F%E8%87%A3%E6%8E%A5%E8%A6%8B%E6%AD%90%E6%B4%B2%E9%9D%92%E5%B9%B4%E6%94%BF%E6%B2%BB%E9%A0%98%E8%A2%96%E5%9C%98-%E7%9B%BC%E6%B7%B1%E5%8C%96%E5%8F%B0%E6%AD%90%E9%97%9C%E4%BF%82-085945463.html
至善深耕亞洲兒少發展 服務版圖擴及不丹、斯里蘭卡,中央社,2025-05-28 16:59:42,/%E8%87%B3%E5%96%84%E6%B7%B1%E8%80%95%E4%BA%9E%E6%B4%B2%E5%85%92%E5%B0%91%E7%99%BC%E5%B1%95-%E6%9C%8D%E5%8B%99%E7%89%88%E5%9C%96%E6%93%B4%E5%8F%8A%E4%B8%8D%E4%B8%B9-%E6%96%AF%E9%87%8C%E8%98%AD%E5%8D%A1-085942618.html
雲科大企管系成果發表會「企尋找失落碎片BA」圓滿成功,台灣新生報,2025-05-28 16:59:41,/%E9%9B%B2%E7%A7%91%E5%A4%A7%E4%BC%81%E7%AE%A1%E7%B3%BB%E6%88%90%E6%9E%9C%E7%99%BC%E8%A1%A8%E6%9C%83-%E4%BC%81%E5%B0%8B%E6%89%BE%E5%A4%B1%E8%90%BD%E7%A2%8E%E7%89%87ba-%E5%9C%93%E6%BB%BF%E6%88%90%E5%8A%9F-085941155.html
影/大陸4海警船再闖金門海域　海巡：每月4次常態騷擾,中天新聞網,2025-05-28 16:59:30,/%E5%BD%B1-%E5%A4%A7%E9%99%B84%E6%B5%B7%E8%AD%A6%E8%88%B9%E5%86%8D%E9%97%96%E9%87%91%E9%96%80%E6%B5%B7%E5%9F%9F-%E6%B5%B7%E5%B7%A1-%E6%AF%8F%E6%9C%884%E6%AC%A1%E5%B8%B8%E6%85%8B%E9%A8%B7%E6%93%BE-085930676.html
台中「超巨蛋」　盧秀燕：全力催生四顆蛋,今日新聞NOWnews,2025-05-28 16:59:19,/%E5%8F%B0%E4%B8%AD-%E8%B6%85%E5%B7%A8%E8%9B%8B-%E7%9B%A7%E7%A7%80%E7%87%95-%E5%85%A8%E5%8A%9B%E5%82%AC%E7%94%9F%E5%9B%9B%E9%A1%86%E8%9B%8B-085919195.html
網路謠傳「雲林4人死亡、學校停課」為假訊息 雲縣府籲勿轉傳,台灣新生報,2025-05-28 16:59:01,/%E7%B6%B2%E8%B7%AF%E8%AC%A0%E5%82%B3-%E9%9B%B2%E6%9E%974%E4%BA%BA%E6%AD%BB%E4%BA%A1-%E5%AD%B8%E6%A0%A1%E5%81%9C%E8%AA%B2-%E7%82%BA%E5%81%87%E8%A8%8A%E6%81%AF-%E9%9B%B2%E7%B8%A3%E5%BA%9C%E7%B1%B2%E5%8B%BF%E8%BD%89%E5%82%B3-085901128.html
男閨密力挺Andy老師！范成章自爆「曾借錢給家寧」開嗆：帳本拿出來,三立新聞網 setn.com,2025-05-28 16:59:00,/%E7%94%B7%E9%96%A8%E5%AF%86%E5%8A%9B%E6%8C%BAandy%E8%80%81%E5%B8%AB-%E8%87%AA%E7%88%86-%E6%9B%BE%E5%80%9F%E9%8C%A2%E7%B5%A6%E5%AE%B6%E5%AF%A7-%E9%96%8B%E5%97%86-%E5%B8%B3%E6%9C%AC%E6%8B%BF%E5%87%BA%E4%BE%86-085900123.html
安南各界長期關注的肉品市場遷移案　預計114年下半年啟動設計規劃,台灣好新聞,2025-05-28 16:59:00,/%E5%AE%89%E5%8D%97%E5%90%84%E7%95%8C%E9%95%B7%E6%9C%9F%E9%97%9C%E6%B3%A8%E7%9A%84%E8%82%89%E5%93%81%E5%B8%82%E5%A0%B4%E9%81%B7%E7%A7%BB%E6%A1%88-%E9%A0%90%E8%A8%88114%E5%B9%B4%E4%B8%8B%E5%8D%8A%E5%B9%B4%E5%95%9F%E5%8B%95%E8%A8%AD%E8%A8%88%E8%A6%8F%E5%8A%83-085900000.html
影/噩夢持續！台南「車輛暴衝撞進店家」驚悚直擊,中天新聞網,2025-05-28 16:58:36,/%E5%99%A9%E5%A4%A2%E6%8C%81%E7%BA%8C-%E5%8F%B0%E5%8D%97-%E8%80%81%E4%BA%BA%E9%96%8B%E8%BB%8A%E6%92%9E%E9%80%B2%E5%BA%97%E5%AE%B6-%E7%A2%BA%E5%88%87%E5%82%B7%E4%BA%A1%E6%9A%AB%E4%B8%8D%E6%98%8E-075239572.html
專論》中國「切香腸」戰術步步進逼日本離島   海洋調查、航母演訓、浮標設置齊發,新頭殼,2025-05-28 16:58:18,/%E5%B0%88%E8%AB%96-%E4%B8%AD%E5%9C%8B-%E5%88%87%E9%A6%99%E8%85%B8-%E6%88%B0%E8%A1%93%E6%AD%A5%E6%AD%A5%E9%80%B2%E9%80%BC%E6%97%A5%E6%9C%AC%E9%9B%A2%E5%B3%B6-%E6%B5%B7%E6%B4%8B%E8%AA%BF%E6%9F%A5-085818508.html
悚！陸肉販撞到路人「拖廁所藏起來」　受害男失血過多亡,中天新聞網,2025-05-28 16:58:17,/%E6%82%9A-%E9%99%B8%E8%82%89%E8%B2%A9%E6%92%9E%E5%88%B0%E8%B7%AF%E4%BA%BA-%E6%8B%96%E5%BB%81%E6%89%80%E8%97%8F%E8%B5%B7%E4%BE%86-%E5%8F%97%E5%AE%B3%E7%94%B7%E5%A4%B1%E8%A1%80%E9%81%8E%E5%A4%9A%E4%BA%A1-030643005.html
草簽也遭剔除？徐國勇用「這方式」破解南投選委會認定！,民視,2025-05-28 16:58:03,/%E8%8D%89%E7%B0%BD%E4%B9%9F%E9%81%AD%E5%89%94%E9%99%A4-%E5%BE%90%E5%9C%8B%E5%8B%87%E7%94%A8-%E9%80%99%E6%96%B9%E5%BC%8F-%E7%A0%B4%E8%A7%A3%E5%8D%97%E6%8A%95%E9%81%B8%E5%A7%94%E6%9C%83%E8%AA%8D%E5%AE%9A-085803536.html
中國網紅「千千」年僅25歲胃癌病逝　曾認不愛吃早餐、飲食不規律,鏡週刊Mirror Media,2025-05-28 16:58:00,/%E4%B8%AD%E5%9C%8B%E7%B6%B2%E7%B4%85-%E5%8D%83%E5%8D%83-%E5%B9%B4%E5%83%8525%E6%AD%B2%E8%83%83%E7%99%8C%E7%97%85%E9%80%9D-%E6%9B%BE%E8%AA%8D%E4%B8%8D%E6%84%9B%E5%90%83%E6%97%A9%E9%A4%90-%E9%A3%B2%E9%A3%9F%E4%B8%8D%E8%A6%8F%E5%BE%8B-085800471.html
詩入菜、味傳情—阿蠻詩作化身《文學餐桌》 四季上菜品味雲林記憶,台灣新生報,2025-05-28 16:57:55,/%E8%A9%A9%E5%85%A5%E8%8F%9C-%E5%91%B3%E5%82%B3%E6%83%85-%E9%98%BF%E8%A0%BB%E8%A9%A9%E4%BD%9C%E5%8C%96%E8%BA%AB-%E6%96%87%E5%AD%B8%E9%A4%90%E6%A1%8C-%E5%9B%9B%E5%AD%A3%E4%B8%8A%E8%8F%9C%E5%93%81%E5%91%B3%E9%9B%B2%E6%9E%97%E8%A8%98%E6%86%B6-085755663.html
端午粽飄香　八德三元宮連續7年愛心送粽,台灣好新聞,2025-05-28 16:57:50,/%E7%AB%AF%E5%8D%88%E7%B2%BD%E9%A3%84%E9%A6%99-%E5%85%AB%E5%BE%B7%E4%B8%89%E5%85%83%E5%AE%AE%E9%80%A3%E7%BA%8C7%E5%B9%B4%E6%84%9B%E5%BF%83%E9%80%81%E7%B2%BD-085750546.html
被藍營鎖定罷免的立委？吳思瑤首度說出真心話,齊有此理,2025-05-28 16:57:30,/%E8%A2%AB%E8%97%8D%E7%87%9F%E9%8E%96%E5%AE%9A%E7%BD%B7%E5%85%8D%E7%9A%84%E7%AB%8B%E5%A7%94%EF%BC%9F%E5%90%B3%E6%80%9D%E7%91%A4%E9%A6%96%E5%BA%A6%E8%AA%AA%E5%87%BA%E7%9C%9F%E5%BF%83%E8%A9%B1-085730365.html
改完中正路改「中山、中華」？他轟：拒買單,今日新聞NOWnews,2025-05-28 16:57:28,/%E6%94%B9%E5%AE%8C%E4%B8%AD%E6%AD%A3%E8%B7%AF%E6%94%B9-%E4%B8%AD%E5%B1%B1-%E4%B8%AD%E8%8F%AF-%E4%BB%96%E8%BD%9F-%E6%8B%92%E8%B2%B7%E5%96%AE-085728241.html
輝達台灣總部招募近百人 施崇棠：別搶人才,今日新聞NOWnews,2025-05-28 16:57:23,/%E8%BC%9D%E9%81%94%E5%8F%B0%E7%81%A3%E7%B8%BD%E9%83%A8%E6%8B%9B%E5%8B%9F%E8%BF%91%E7%99%BE%E4%BA%BA-%E6%96%BD%E5%B4%87%E6%A3%A0-%E5%88%A5%E6%90%B6%E4%BA%BA%E6%89%8D-053802537.html
辭職了！辜仲諒發聲明「股東會後辭中信金董事」,Yahoo奇摩股市,2025-05-28 16:57:12,/%E8%BE%AD%E8%81%B7%E4%BA%86%EF%BC%81%E8%BE%9C%E4%BB%B2%E8%AB%92%E7%99%BC%E8%81%B2%E6%98%8E%E3%80%8C%E8%82%A1%E6%9D%B1%E6%9C%83%E5%BE%8C%E8%BE%AD%E4%B8%AD%E4%BF%A1%E9%87%91%E8%91%A3%E4%BA%8B%E3%80%8D-085712076.html
吳宗憲回擊「姓」賴保護原則 民進黨議員讓中央集權又集錢,台灣新生報,2025-05-28 16:57:02,/%E5%90%B3%E5%AE%97%E6%86%B2%E5%9B%9E%E6%93%8A-%E5%A7%93-%E8%B3%B4%E4%BF%9D%E8%AD%B7%E5%8E%9F%E5%89%87-%E6%B0%91%E9%80%B2%E9%BB%A8%E8%AD%B0%E5%93%A1%E8%AE%93%E4%B8%AD%E5%A4%AE%E9%9B%86%E6%AC%8A%E5%8F%88%E9%9B%86%E9%8C%A2-085702876.html
好宿／金曲撩撥台北旅人心弦,鏡週刊Mirror Media,2025-05-28 16:57:00,/%E5%A5%BD%E5%AE%BF-%E9%87%91%E6%9B%B2%E6%92%A9%E6%92%A5%E5%8F%B0%E5%8C%97%E6%97%85%E4%BA%BA%E5%BF%83%E5%BC%A6-085700904.html
清晨北濱公路酒駕自撞翻車 警方依法嚴辦,中華日報,2025-05-28 16:56:47,/%E6%B8%85%E6%99%A8%E5%8C%97%E6%BF%B1%E5%85%AC%E8%B7%AF%E9%85%92%E9%A7%95%E8%87%AA%E6%92%9E%E7%BF%BB%E8%BB%8A-%E8%AD%A6%E6%96%B9%E4%BE%9D%E6%B3%95%E5%9A%B4%E8%BE%A6-085647050.html
身兼中央港澳工作領導小組副組長 王毅29日訪港3天,中央社,2025-05-28 16:56:40,/%E8%BA%AB%E5%85%BC%E4%B8%AD%E5%A4%AE%E6%B8%AF%E6%BE%B3%E5%B7%A5%E4%BD%9C%E9%A0%98%E5%B0%8E%E5%B0%8F%E7%B5%84%E5%89%AF%E7%B5%84%E9%95%B7-%E7%8E%8B%E6%AF%8529%E6%97%A5%E8%A8%AA%E6%B8%AF3%E5%A4%A9-085640490.html
高雄連環分屍案開庭 張嫌全盤否認起訴內容 雄院裁定羈押3月,Yahoo奇摩（即時新聞）,2025-05-28 16:56:30,/%E9%AB%98%E9%9B%84%E9%80%A3%E7%92%B0%E5%88%86%E5%B1%8D%E6%A1%88%E9%96%8B%E5%BA%AD-%E5%BC%B5%E5%AB%8C%E5%85%A8%E7%9B%A4%E5%90%A6%E8%AA%8D%E8%B5%B7%E8%A8%B4%E5%85%A7%E5%AE%B9-%E9%9B%84%E9%99%A2%E8%A3%81%E5%AE%9A%E7%BE%88%E6%8A%BC3%E6%9C%88-085630221.html
南台灣唯一水陸鐵人挑戰  「2025泳渡虎頭埤」即日開放報名,新頭殼,2025-05-28 16:56:10,/%E5%8D%97%E5%8F%B0%E7%81%A3%E5%94%AF-%E6%B0%B4%E9%99%B8%E9%90%B5%E4%BA%BA%E6%8C%91%E6%88%B0-2025%E6%B3%B3%E6%B8%A1%E8%99%8E%E9%A0%AD%E5%9F%A4-%E5%8D%B3%E6%97%A5%E9%96%8B%E6%94%BE%E5%A0%B1%E5%90%8D-085610610.html
納豆依依京畿道「被人用槍抵著」　《食尚》遙窺北韓遭喝令停拍,太報,2025-05-28 16:56:08,/%E7%B4%8D%E8%B1%86%E4%BE%9D%E4%BE%9D%E4%BA%AC%E7%95%BF%E9%81%93-%E8%A2%AB%E4%BA%BA%E7%94%A8%E6%A7%8D%E6%8A%B5%E8%91%97-%E9%A3%9F%E5%B0%9A-%E9%81%99%E7%AA%BA%E5%8C%97%E9%9F%93%E9%81%AD%E5%96%9D%E4%BB%A4%E5%81%9C%E6%8B%8D-085608015.html
營收獲利創高　華航迎戰航機供應鏈短缺,今日新聞NOWnews,2025-05-28 16:55:41,/%E7%87%9F%E6%94%B6%E7%8D%B2%E5%88%A9%E5%89%B5%E9%AB%98-%E8%8F%AF%E8%88%AA%E8%BF%8E%E6%88%B0%E8%88%AA%E6%A9%9F%E4%BE%9B%E6%87%89%E9%8F%88%E7%9F%AD%E7%BC%BA-085541818.html
誰決定封殺中共「國防七子」？ 教育部長鄭英耀：是我拍板定案,新頭殼,2025-05-28 16:55:30,/%E8%AA%B0%E6%B1%BA%E5%AE%9A%E5%B0%81%E6%AE%BA%E4%B8%AD%E5%85%B1-%E5%9C%8B%E9%98%B2%E4%B8%83%E5%AD%90-%E6%95%99%E8%82%B2%E9%83%A8%E9%95%B7%E9%84%AD%E8%8B%B1%E8%80%80-%E6%98%AF%E6%88%91%E6%8B%8D%E6%9D%BF%E5%AE%9A%E6%A1%88-085530952.html
民進黨宜蘭縣議員批吳宗憲立委政治秀人民買單？,台灣新生報,2025-05-28 16:55:29,/%E6%B0%91%E9%80%B2%E9%BB%A8%E5%AE%9C%E8%98%AD%E7%B8%A3%E8%AD%B0%E5%93%A1%E6%89%B9%E5%90%B3%E5%AE%97%E6%86%B2%E7%AB%8B%E5%A7%94%E6%94%BF%E6%B2%BB%E7%A7%80%E4%BA%BA%E6%B0%91%E8%B2%B7%E5%96%AE-085529679.html
「知心閨密」竟是詐騙犯！　上海獨居老太太遭騙千萬養老金,CTWANT,2025-05-28 16:55:26,/%E7%9F%A5%E5%BF%83%E9%96%A8%E5%AF%86-%E7%AB%9F%E6%98%AF%E8%A9%90%E9%A8%99%E7%8A%AF-%E4%B8%8A%E6%B5%B7%E7%8D%A8%E5%B1%85%E8%80%81%E5%A4%AA%E5%A4%AA%E9%81%AD%E9%A8%99%E5%8D%83%E8%90%AC%E9%A4%8A%E8%80%81%E9%87%91-085526857.html
許光漢見乾兒子「被喊爹爹」 送推車還餵食…孫可芳大喜：這乾爹不能斷聯,CTWANT,2025-05-28 16:55:22,/%E8%A8%B1%E5%85%89%E6%BC%A2%E8%A6%8B%E4%B9%BE%E5%85%92%E5%AD%90-%E8%A2%AB%E5%96%8A%E7%88%B9%E7%88%B9-%E9%80%81%E6%8E%A8%E8%BB%8A%E9%82%84%E9%A4%B5%E9%A3%9F-%E5%AD%AB%E5%8F%AF%E8%8A%B3%E5%A4%A7%E5%96%9C-%E9%80%99%E4%B9%BE%E7%88%B9%E4%B8%8D%E8%83%BD%E6%96%B7%E8%81%AF-085522571.html
NONO性侵猥褻6女7次僅1次有罪 檢提上訴,太報,2025-05-28 16:55:20,/nono%E6%80%A7%E4%BE%B5%E7%8C%A5%E8%A4%BB6%E5%A5%B37%E6%AC%A1%E5%83%851%E6%AC%A1%E6%9C%89%E7%BD%AA-%E6%AA%A2%E6%8F%90%E4%B8%8A%E8%A8%B4-085520392.html
影/搭機遇「鳥」事！鴿子亂入乘客尖叫　美客機2度中斷起飛,中天新聞網,2025-05-28 16:55:14,/%E5%BD%B1-%E6%90%AD%E6%A9%9F%E9%81%87-%E9%B3%A5-%E4%BA%8B-%E9%B4%BF%E5%AD%90%E4%BA%82%E5%85%A5%E4%B9%98%E5%AE%A2%E5%B0%96%E5%8F%AB-085514086.html
報復民兵船在釣魚台海域被「夾頭」撞擊? 遼寧號刻意逼近日本領海航行,新頭殼,2025-05-28 16:54:43,/%E5%A0%B1%E5%BE%A9%E6%B0%91%E5%85%B5%E8%88%B9%E5%9C%A8%E9%87%A3%E9%AD%9A%E5%8F%B0%E6%B5%B7%E5%9F%9F%E8%A2%AB-%E5%A4%BE%E9%A0%AD-%E6%92%9E%E6%93%8A-%E9%81%BC%E5%AF%A7%E8%99%9F%E5%88%BB%E6%84%8F%E9%80%BC%E8%BF%91%E6%97%A5%E6%9C%AC%E9%A0%98%E6%B5%B7%E8%88%AA%E8%A1%8C-085443390.html
駐台美軍爆車禍！女行人衰挨撞「頭縫15針」　AIT回應了,CTWANT,2025-05-28 16:54:41,/%E9%A7%90%E5%8F%B0%E7%BE%8E%E8%BB%8D%E7%88%86%E8%BB%8A%E7%A6%8D-%E5%A5%B3%E8%A1%8C%E4%BA%BA%E8%A1%B0%E6%8C%A8%E6%92%9E-%E9%A0%AD%E7%B8%AB15%E9%87%9D-ait%E5%9B%9E%E6%87%89%E4%BA%86-085441576.html
分清「南北部粽」全靠1招！全台「沾醬」圖鑑一次看,民視,2025-05-28 16:54:40,/%E5%88%86%E6%B8%85-%E5%8D%97%E5%8C%97%E9%83%A8%E7%B2%BD-%E5%85%A8%E9%9D%A01%E6%8B%9B-%E5%85%A8%E5%8F%B0-%E6%B2%BE%E9%86%AC-085440749.html
World ID正式登台！Tools for Humanity推出隱私優先真人驗證　打造安全AI時代,匯流新聞網,2025-05-28 16:54:26,/world-id%E6%AD%A3%E5%BC%8F%E7%99%BB%E5%8F%B0-tools-humanity%E6%8E%A8%E5%87%BA%E9%9A%B1%E7%A7%81%E5%84%AA%E5%85%88%E7%9C%9F%E4%BA%BA%E9%A9%97%E8%AD%89-%E6%89%93%E9%80%A0%E5%AE%89%E5%85%A8ai%E6%99%82%E4%BB%A3-085426103.html
影/巴伊邊境「俾路支」頻恐襲　栗正傑提解方：胡蘿蔔加大棒,中天新聞網,2025-05-28 16:54:25,/%E5%BD%B1-%E5%B7%B4%E4%BC%8A%E9%82%8A%E5%A2%83-%E4%BF%BE%E8%B7%AF%E6%94%AF-%E9%A0%BB%E6%81%90%E8%A5%B2-%E6%A0%97%E6%AD%A3%E5%82%91%E6%8F%90%E8%A7%A3%E6%96%B9-085425562.html
李安當年「拒絕劉若英」 張艾嘉力推新人搭許光漢：一站出來就有那個樣子！,裴璐｜Yahoo名人娛樂特派記者,2025-05-28 16:54:24,/%E6%9D%8E%E5%AE%89%E7%95%B6%E5%B9%B4%E3%80%8C%E6%8B%92%E7%B5%95%E5%8A%89%E8%8B%A5%E8%8B%B1%E3%80%8D-%E5%BC%B5%E8%89%BE%E5%98%89%E5%8A%9B%E6%8E%A8%E6%96%B0%E4%BA%BA%E6%90%AD%E8%A8%B1%E5%85%89%E6%BC%A2%EF%BC%9A%E4%B8%80%E7%AB%99%E5%87%BA%E4%BE%86%E5%B0%B1%E6%9C%89%E9%82%A3%E5%80%8B%E6%A8%A3%E5%AD%90%EF%BC%81-085424157.html
童玩節30週年 國際經典IP跨界合作 超萌史努比鴨首次亮相,台灣新生報,2025-05-28 16:54:06,/%E7%AB%A5%E7%8E%A9%E7%AF%8030%E9%80%B1%E5%B9%B4-%E5%9C%8B%E9%9A%9B%E7%B6%93%E5%85%B8ip%E8%B7%A8%E7%95%8C%E5%90%88%E4%BD%9C-%E8%B6%85%E8%90%8C%E5%8F%B2%E5%8A%AA%E6%AF%94%E9%B4%A8%E9%A6%96%E6%AC%A1%E4%BA%AE%E7%9B%B8-085406928.html
高鐵暑假營隊來了！獨家參觀花魁車「每梯次限30人價錢曝」6/3開始報名,三立新聞網 setn.com,2025-05-28 16:54:00,/%E9%AB%98%E9%90%B5%E6%9A%91%E5%81%87%E7%87%9F%E9%9A%8A%E4%BE%86%E4%BA%86-%E7%8D%A8%E5%AE%B6%E5%8F%83%E8%A7%80%E8%8A%B1%E9%AD%81%E8%BB%8A-%E6%AF%8F%E6%A2%AF%E6%AC%A1%E9%99%9030%E4%BA%BA%E5%83%B9%E9%8C%A2%E6%9B%9D-6-3%E9%96%8B%E5%A7%8B%E5%A0%B1%E5%90%8D-085400502.html
監院公務車涉私用風波 李鴻鈞：6/2起停止個人使用,中央社,2025-05-28 16:53:38,/%E7%9B%A3%E9%99%A2%E5%85%AC%E5%8B%99%E8%BB%8A%E6%B6%89%E7%A7%81%E7%94%A8%E9%A2%A8%E6%B3%A2-%E6%9D%8E%E9%B4%BB%E9%88%9E-6-2%E8%B5%B7%E5%81%9C%E6%AD%A2%E5%80%8B%E4%BA%BA%E4%BD%BF%E7%94%A8-085338731.html
不到一公分的血栓差點改變一個家庭的命運　醫：三步驟即時辨識腦中風症狀,中廣新聞網,2025-05-28 16:53:16,/%E4%B8%8D%E5%88%B0-%E5%85%AC%E5%88%86%E7%9A%84%E8%A1%80%E6%A0%93%E5%B7%AE%E9%BB%9E%E6%94%B9%E8%AE%8A-%E5%80%8B%E5%AE%B6%E5%BA%AD%E7%9A%84%E5%91%BD%E9%81%8B-%E9%86%AB-%E4%B8%89%E6%AD%A5%E9%A9%9F%E5%8D%B3%E6%99%82%E8%BE%A8%E8%AD%98%E8%85%A6%E4%B8%AD%E9%A2%A8%E7%97%87%E7%8B%80-085316643.html
朱立倫：民進黨政府涉犯《貪污治罪條例》剋扣補助款侵害人民權益,FTNN新聞網,2025-05-28 16:53:00,/%E6%9C%B1%E7%AB%8B%E5%80%AB-%E6%B0%91%E9%80%B2%E9%BB%A8%E6%94%BF%E5%BA%9C%E6%B6%89%E7%8A%AF-%E8%B2%AA%E6%B1%A1%E6%B2%BB%E7%BD%AA%E6%A2%9D%E4%BE%8B-%E5%89%8B%E6%89%A3%E8%A3%9C%E5%8A%A9%E6%AC%BE%E4%BE%B5%E5%AE%B3%E4%BA%BA%E6%B0%91%E6%AC%8A%E7%9B%8A-085300102.html
高雄碎屍魔喊「殺她們對我沒好處」不認罪　雄院裁定續押3個月,鏡週刊Mirror Media,2025-05-28 16:53:00,/%E9%AB%98%E9%9B%84%E7%A2%8E%E5%B1%8D%E9%AD%94%E5%96%8A-%E6%AE%BA%E5%A5%B9%E5%80%91%E5%B0%8D%E6%88%91%E6%B2%92%E5%A5%BD%E8%99%95-%E4%B8%8D%E8%AA%8D%E7%BD%AA-%E9%9B%84%E9%99%A2%E8%A3%81%E5%AE%9A%E7%BA%8C%E6%8A%BC3%E5%80%8B%E6%9C%88-085300816.html
全恩菲傳遭黑函攻擊！37字親揭「真實心境」,民視,2025-05-28 16:52:58,/%E5%85%A8%E6%81%A9%E8%8F%B2%E5%82%B3%E9%81%AD%E9%BB%91%E5%87%BD%E6%94%BB%E6%93%8A-37%E5%AD%97%E8%A6%AA%E6%8F%AD-%E7%9C%9F%E5%AF%A6%E5%BF%83%E5%A2%83-085258880.html
慰問出院返家休養袍澤    宜蘭軍服站祝早日康復,民眾日報,2025-05-28 16:52:55,/%E6%85%B0%E5%95%8F%E5%87%BA%E9%99%A2%E8%BF%94%E5%AE%B6%E4%BC%91%E9%A4%8A%E8%A2%8D%E6%BE%A4-%E5%AE%9C%E8%98%AD%E8%BB%8D%E6%9C%8D%E7%AB%99%E7%A5%9D%E6%97%A9%E6%97%A5%E5%BA%B7%E5%BE%A9-085255602.html
家寧隔空交戰Andy老師！兩性專家揭她轉移焦點　傻眼批：惡人先告狀,CTWANT,2025-05-28 16:52:46,/%E5%AE%B6%E5%AF%A7%E9%9A%94%E7%A9%BA%E4%BA%A4%E6%88%B0andy%E8%80%81%E5%B8%AB-%E5%85%A9%E6%80%A7%E5%B0%88%E5%AE%B6%E6%8F%AD%E5%A5%B9%E8%BD%89%E7%A7%BB%E7%84%A6%E9%BB%9E-%E5%82%BB%E7%9C%BC%E6%89%B9-%E6%83%A1%E4%BA%BA%E5%85%88%E5%91%8A%E7%8B%80-085246106.html
台大狼醫請辭！她點名「2高官」說法反覆,今日新聞NOWnews,2025-05-28 16:52:43,/%E5%8F%B0%E5%A4%A7%E7%8B%BC%E9%86%AB%E8%AB%8B%E8%BE%AD-%E5%A5%B9%E9%BB%9E%E5%90%8D-2%E9%AB%98%E5%AE%98-%E8%AA%AA%E6%B3%95%E5%8F%8D%E8%A6%86-085243278.html
被抓包！立院還在審法案 黃國昌蹺班到大巨蛋看棒球賽,新頭殼,2025-05-28 16:52:06,/%E8%A2%AB%E6%8A%93%E5%8C%85-%E7%AB%8B%E9%99%A2%E9%82%84%E5%9C%A8%E5%AF%A9%E6%B3%95%E6%A1%88-%E9%BB%83%E5%9C%8B%E6%98%8C%E8%B9%BA%E7%8F%AD%E5%88%B0%E5%A4%A7%E5%B7%A8%E8%9B%8B%E7%9C%8B%E6%A3%92%E7%90%83%E8%B3%BD-085206385.html
連環爆！藍白控濫用公務車　監察院下令這天起禁止「以個人身分用車」,三立新聞網 setn.com,2025-05-28 16:52:00,/%E9%80%A3%E7%92%B0%E7%88%86-%E8%97%8D%E7%99%BD%E6%8E%A7%E6%BF%AB%E7%94%A8%E5%85%AC%E5%8B%99%E8%BB%8A-%E7%9B%A3%E5%AF%9F%E9%99%A2%E4%B8%8B%E4%BB%A4%E9%80%99%E5%A4%A9%E8%B5%B7%E7%A6%81%E6%AD%A2-%E4%BB%A5%E5%80%8B%E4%BA%BA%E8%BA%AB%E5%88%86%E7%94%A8%E8%BB%8A-085200527.html
淡水大拜拜將登場！預估湧入上萬信眾 交管措施看這邊,EBC東森新聞,2025-05-28 16:52:00,/%E6%B7%A1%E6%B0%B4%E5%A4%A7%E6%8B%9C%E6%8B%9C%E5%B0%87%E7%99%BB%E5%A0%B4-%E9%A0%90%E4%BC%B0%E6%B9%A7%E5%85%A5%E4%B8%8A%E8%90%AC%E4%BF%A1%E7%9C%BE-%E4%BA%A4%E7%AE%A1%E6%8E%AA%E6%96%BD%E7%9C%8B%E9%80%99%E9%82%8A-085200964.html
快訊／川普關稅後首度公布！主計總處GDP預測3.1%　勉強保3,三立新聞網 setn.com,2025-05-28 16:52:00,/%E5%BF%AB%E8%A8%8A-%E5%B7%9D%E6%99%AE%E9%97%9C%E7%A8%85%E5%BE%8C%E9%A6%96%E5%BA%A6%E5%85%AC%E5%B8%83-%E4%B8%BB%E8%A8%88%E7%B8%BD%E8%99%95gdp%E9%A0%90%E6%B8%AC3-1-%E5%8B%89%E5%BC%B7%E4%BF%9D3-085200197.html
蘭陽粽香飄千里 人安伴寒士再出發,台灣新生報,2025-05-28 16:51:51,/%E8%98%AD%E9%99%BD%E7%B2%BD%E9%A6%99%E9%A3%84%E5%8D%83%E9%87%8C-%E4%BA%BA%E5%AE%89%E4%BC%B4%E5%AF%92%E5%A3%AB%E5%86%8D%E5%87%BA%E7%99%BC-085151510.html
【臺灣調查網】全球民調／美國　前總統拜登爆攝護腺癌　過6成美人認為總統應定期健檢、這頻率最佳,匯流新聞網,2025-05-28 16:51:35,/%E8%87%BA%E7%81%A3%E8%AA%BF%E6%9F%A5%E7%B6%B2-%E5%85%A8%E7%90%83%E6%B0%91%E8%AA%BF-%E7%BE%8E%E5%9C%8B-%E5%89%8D%E7%B8%BD%E7%B5%B1%E6%8B%9C%E7%99%BB%E7%88%86%E6%94%9D%E8%AD%B7%E8%85%BA%E7%99%8C-%E9%81%8E6%E6%88%90%E7%BE%8E%E4%BA%BA%E8%AA%8D%E7%82%BA%E7%B8%BD%E7%B5%B1%E6%87%89%E5%AE%9A%E6%9C%9F%E5%81%A5%E6%AA%A2-085135900.html
陳亭妃籲勿忘「三保一金」立意　要求農業部向卓揆請命2農民福利,新頭殼,2025-05-28 16:51:06,/%E9%99%B3%E4%BA%AD%E5%A6%83%E7%B1%B2%E5%8B%BF%E5%BF%98-%E4%B8%89%E4%BF%9D-%E9%87%91-%E7%AB%8B%E6%84%8F-%E8%A6%81%E6%B1%82%E8%BE%B2%E6%A5%AD%E9%83%A8%E5%90%91%E5%8D%93%E6%8F%86%E8%AB%8B%E5%91%BD2%E8%BE%B2%E6%B0%91%E7%A6%8F%E5%88%A9-085106928.html
承諾書等28年無下文 民代轉交陳情書 (圖),中央社,2025-05-28 16:51:06,/%E6%89%BF%E8%AB%BE%E6%9B%B8%E7%AD%8928%E5%B9%B4%E7%84%A1%E4%B8%8B%E6%96%87-%E6%B0%91%E4%BB%A3%E8%BD%89%E4%BA%A4%E9%99%B3%E6%83%85%E6%9B%B8-%E5%9C%96-085106548.html
電競玩家必備！搭載2K AMOLED曲面螢幕　ROG龍王四代水冷開賣,三立新聞網 setn.com,2025-05-28 16:51:00,/%E9%9B%BB%E7%AB%B6%E7%8E%A9%E5%AE%B6%E5%BF%85%E5%82%99-%E6%90%AD%E8%BC%892k-amoled%E6%9B%B2%E9%9D%A2%E8%9E%A2%E5%B9%95-rog%E9%BE%8D%E7%8E%8B%E5%9B%9B%E4%BB%A3%E6%B0%B4%E5%86%B7%E9%96%8B%E8%B3%A3-085100514.html
飽受鼻竇炎之苦7年！　女網紅控前任「放超厲害的屁」害感染大腸桿菌,鏡週刊Mirror Media,2025-05-28 16:51:00,/%E9%A3%BD%E5%8F%97%E9%BC%BB%E7%AB%87%E7%82%8E%E4%B9%8B%E8%8B%A67%E5%B9%B4-%E5%A5%B3%E7%B6%B2%E7%B4%85%E6%8E%A7%E5%89%8D%E4%BB%BB-%E6%94%BE%E8%B6%85%E5%8E%B2%E5%AE%B3%E7%9A%84%E5%B1%81-%E5%AE%B3%E6%84%9F%E6%9F%93%E5%A4%A7%E8%85%B8%E6%A1%BF%E8%8F%8C-085100954.html
熱帶擾動91W北上！氣象粉專：台灣「這天」要做好強降雨準備,三立新聞網 setn.com,2025-05-28 16:51:00,/%E7%86%B1%E5%B8%B6%E6%93%BE%E5%8B%9591w%E5%8C%97%E4%B8%8A-%E6%B0%A3%E8%B1%A1%E7%B2%89%E5%B0%88-%E5%8F%B0%E7%81%A3-%E9%80%99%E5%A4%A9-%E8%A6%81%E5%81%9A%E5%A5%BD%E5%BC%B7%E9%99%8D%E9%9B%A8%E6%BA%96%E5%82%99-085100800.html
換罷瑤領銜人失敗！他籲罷團做這事：唯一解,今日新聞NOWnews,2025-05-28 16:50:49,/%E6%8F%9B%E7%BD%B7%E7%91%A4%E9%A0%98%E9%8A%9C%E4%BA%BA%E5%A4%B1%E6%95%97-%E4%BB%96%E7%B1%B2%E7%BD%B7%E5%9C%98%E5%81%9A%E9%80%99%E4%BA%8B-%E5%94%AF-%E8%A7%A3-085049482.html
台中市今晚啟動防汛應變　24小時守護市民家園,互傳媒,2025-05-28 16:50:46,/%E5%8F%B0%E4%B8%AD%E5%B8%82%E4%BB%8A%E6%99%9A%E5%95%9F%E5%8B%95%E9%98%B2%E6%B1%9B%E6%87%89%E8%AE%8A-24%E5%B0%8F%E6%99%82%E5%AE%88%E8%AD%B7%E5%B8%82%E6%B0%91%E5%AE%B6%E5%9C%92-085046155.html
宜蘭端午連假交通整備情形公布,台灣新生報,2025-05-28 16:50:41,/%E5%AE%9C%E8%98%AD%E7%AB%AF%E5%8D%88%E9%80%A3%E5%81%87%E4%BA%A4%E9%80%9A%E6%95%B4%E5%82%99%E6%83%85%E5%BD%A2%E5%85%AC%E5%B8%83-085041177.html
理想混蛋阿哲曝表演起起伏伏 「接住你」訴心境,中央社,2025-05-28 16:50:36,/%E7%90%86%E6%83%B3%E6%B7%B7%E8%9B%8B%E9%98%BF%E5%93%B2%E6%9B%9D%E8%A1%A8%E6%BC%94%E8%B5%B7%E8%B5%B7%E4%BC%8F%E4%BC%8F-%E6%8E%A5%E4%BD%8F%E4%BD%A0-%E8%A8%B4%E5%BF%83%E5%A2%83-085036483.html
口腔也有「肌少症」！ 醫：口腔衰弱罹失智風險增 1.8 倍 「健口操」可防退化,民報,2025-05-28 16:50:12,/%E5%8F%A3%E8%85%94%E4%B9%9F%E6%9C%89-%E8%82%8C%E5%B0%91%E7%97%87-%E9%86%AB-%E5%8F%A3%E8%85%94%E8%A1%B0%E5%BC%B1%E7%BD%B9%E5%A4%B1%E6%99%BA%E9%A2%A8%E9%9A%AA%E5%A2%9E-1-085012847.html
雄中畢典邀請函是「紅單」！滿滿細節藏太深　校長用ChatGPT幫解謎,鏡週刊Mirror Media,2025-05-28 16:50:00,/%E9%9B%84%E4%B8%AD%E7%95%A2%E5%85%B8%E9%82%80%E8%AB%8B%E5%87%BD%E6%98%AF-%E7%B4%85%E5%96%AE-%E6%BB%BF%E6%BB%BF%E7%B4%B0%E7%AF%80%E8%97%8F%E5%A4%AA%E6%B7%B1-%E6%A0%A1%E9%95%B7%E7%94%A8chatgpt%E5%B9%AB%E8%A7%A3%E8%AC%8E-085000467.html
哈佛認證「超級水果」　減肥、逆轉老化、告別失智！死亡風險狂降21％,鏡週刊Mirror Media,2025-05-28 16:50:00,/%E5%93%88%E4%BD%9B%E8%AA%8D%E8%AD%89-%E8%B6%85%E7%B4%9A%E6%B0%B4%E6%9E%9C-%E6%B8%9B%E8%82%A5-%E9%80%86%E8%BD%89%E8%80%81%E5%8C%96-%E5%91%8A%E5%88%A5%E5%A4%B1%E6%99%BA-085000795.html
端午節瘋什麼節目？觀傳局精選台北景點活動,台灣新生報,2025-05-28 16:49:23,/%E7%AB%AF%E5%8D%88%E7%AF%80%E7%98%8B%E4%BB%80%E9%BA%BC%E7%AF%80%E7%9B%AE-%E8%A7%80%E5%82%B3%E5%B1%80%E7%B2%BE%E9%81%B8%E5%8F%B0%E5%8C%97%E6%99%AF%E9%BB%9E%E6%B4%BB%E5%8B%95-084923181.html
花蓮豐濱岸邊亂倒事業廢棄物 海巡夜間巡邏查獲 (圖),中央社,2025-05-28 16:49:04,/%E8%8A%B1%E8%93%AE%E8%B1%90%E6%BF%B1%E5%B2%B8%E9%82%8A%E4%BA%82%E5%80%92%E4%BA%8B%E6%A5%AD%E5%BB%A2%E6%A3%84%E7%89%A9-%E6%B5%B7%E5%B7%A1%E5%A4%9C%E9%96%93%E5%B7%A1%E9%82%8F%E6%9F%A5%E7%8D%B2-%E5%9C%96-084904323.html
新北無照數據曝光！「這年齡層」佔大宗 警呼籲家長應善盡管教責任,EBC東森新聞,2025-05-28 16:49:00,/%E6%96%B0%E5%8C%97%E7%84%A1%E7%85%A7%E6%95%B8%E6%93%9A%E6%9B%9D%E5%85%89-%E9%80%99%E5%B9%B4%E9%BD%A1%E5%B1%A4-%E4%BD%94%E5%A4%A7%E5%AE%97-%E8%AD%A6%E5%91%BC%E7%B1%B2%E5%AE%B6%E9%95%B7%E6%87%89%E5%96%84%E7%9B%A1%E7%AE%A1%E6%95%99%E8%B2%AC%E4%BB%BB-084900735.html
嘉市講座 譚敦慈護理師親授「吃得安心」心法,自立晚報,2025-05-28 16:48:53,/%E5%98%89%E5%B8%82%E8%AC%9B%E5%BA%A7-%E8%AD%9A%E6%95%A6%E6%85%88%E8%AD%B7%E7%90%86%E5%B8%AB%E8%A6%AA%E6%8E%88-%E5%90%83%E5%BE%97%E5%AE%89%E5%BF%83-%E5%BF%83%E6%B3%95-084853709.html
彰銀首季獲利年增8%　海外營運占比翻倍成長,今日新聞NOWnews,2025-05-28 16:48:51,/%E5%BD%B0%E9%8A%80%E9%A6%96%E5%AD%A3%E7%8D%B2%E5%88%A9%E5%B9%B4%E5%A2%9E8-%E6%B5%B7%E5%A4%96%E7%87%9F%E9%81%8B%E5%8D%A0%E6%AF%94%E7%BF%BB%E5%80%8D%E6%88%90%E9%95%B7-084851097.html
影/傷亡不明！山東化學廠大爆炸　濃煙竄百米高畫面駭人,中天新聞網,2025-05-28 16:48:51,/%E5%BD%B1-%E5%82%B7%E4%BA%A1%E4%B8%8D%E6%98%8E-%E5%B1%B1%E6%9D%B1%E5%8C%96%E5%AD%B8%E5%BB%A0%E5%A4%A7%E7%88%86%E7%82%B8-%E6%BF%83%E7%85%99%E7%AB%84%E7%99%BE%E7%B1%B3%E9%AB%98%E7%95%AB%E9%9D%A2%E9%A7%AD%E4%BA%BA-074237743.html
載狗、看牙連環爆！李鴻鈞下令：監院全體職員禁以個人身份用公務車,太報,2025-05-28 16:48:50,/%E8%BC%89%E7%8B%97-%E7%9C%8B%E7%89%99%E9%80%A3%E7%92%B0%E7%88%86-%E6%9D%8E%E9%B4%BB%E9%88%9E%E4%B8%8B%E4%BB%A4-%E7%9B%A3%E9%99%A2%E5%85%A8%E9%AB%94%E8%81%B7%E5%93%A1%E7%A6%81%E4%BB%A5%E5%80%8B%E4%BA%BA%E8%BA%AB%E4%BB%BD%E7%94%A8%E5%85%AC%E5%8B%99%E8%BB%8A-084850183.html
屏東萬丹路驚悚翻車！女駕駛擦撞靜止車輛　整輛休旅翻覆,CTWANT,2025-05-28 16:48:39,/%E5%B1%8F%E6%9D%B1%E8%90%AC%E4%B8%B9%E8%B7%AF%E9%A9%9A%E6%82%9A%E7%BF%BB%E8%BB%8A-%E5%A5%B3%E9%A7%95%E9%A7%9B%E6%93%A6%E6%92%9E%E9%9D%9C%E6%AD%A2%E8%BB%8A%E8%BC%9B-%E6%95%B4%E8%BC%9B%E4%BC%91%E6%97%85%E7%BF%BB%E8%A6%86-084839108.html
吃粽賞景出遊趣「端午連假專區」資訊不漏接,今日新聞NOWnews,2025-05-28 16:48:38,/%E5%90%83%E7%B2%BD%E8%B3%9E%E6%99%AF%E5%87%BA%E9%81%8A%E8%B6%A3-%E7%AB%AF%E5%8D%88%E9%80%A3%E5%81%87%E5%B0%88%E5%8D%80-%E8%B3%87%E8%A8%8A%E4%B8%8D%E6%BC%8F%E6%8E%A5-084838678.html
地主28年前承諾開發條件未兌現 民代為佃農發聲,中央社,2025-05-28 16:48:34,/%E5%9C%B0%E4%B8%BB28%E5%B9%B4%E5%89%8D%E6%89%BF%E8%AB%BE%E9%96%8B%E7%99%BC%E6%A2%9D%E4%BB%B6%E6%9C%AA%E5%85%8C%E7%8F%BE-%E6%B0%91%E4%BB%A3%E7%82%BA%E4%BD%83%E8%BE%B2%E7%99%BC%E8%81%B2-084834731.html
地主28年前承諾開發條件未兌現 民代為佃農發聲,中央社,2025-05-28 16:48:34,/%E5%9C%B0%E4%B8%BB28%E5%B9%B4%E5%89%8D%E6%89%BF%E8%AB%BE%E9%96%8B%E7%99%BC%E6%A2%9D%E4%BB%B6%E6%9C%AA%E5%85%8C%E7%8F%BE-%E6%B0%91%E4%BB%A3%E7%82%BA%E4%BD%83%E8%BE%B2%E7%99%BC%E8%81%B2-084834731.html
回聲樂團前進中南部演出 日本樂迷直奔朝聖,中央社,2025-05-28 16:48:32,/%E5%9B%9E%E8%81%B2%E6%A8%82%E5%9C%98%E5%89%8D%E9%80%B2%E4%B8%AD%E5%8D%97%E9%83%A8%E6%BC%94%E5%87%BA-%E6%97%A5%E6%9C%AC%E6%A8%82%E8%BF%B7%E7%9B%B4%E5%A5%94%E6%9C%9D%E8%81%96-084832118.html
至善成立30周年 2024兒少服務數突破35萬人,台灣新生報,2025-05-28 16:48:28,/%E8%87%B3%E5%96%84%E6%88%90%E7%AB%8B30%E5%91%A8%E5%B9%B4-2024%E5%85%92%E5%B0%91%E6%9C%8D%E5%8B%99%E6%95%B8%E7%AA%81%E7%A0%B435%E8%90%AC%E4%BA%BA-084828434.html
我國清廉印象指數創新高！廉政署長感謝同仁辛勞　回顧年度豐碩成果,CTWANT,2025-05-28 16:48:20,/%E6%88%91%E5%9C%8B%E6%B8%85%E5%BB%89%E5%8D%B0%E8%B1%A1%E6%8C%87%E6%95%B8%E5%89%B5%E6%96%B0%E9%AB%98-%E5%BB%89%E6%94%BF%E7%BD%B2%E9%95%B7%E6%84%9F%E8%AC%9D%E5%90%8C%E4%BB%81%E8%BE%9B%E5%8B%9E-%E5%9B%9E%E9%A1%A7%E5%B9%B4%E5%BA%A6%E8%B1%90%E7%A2%A9%E6%88%90%E6%9E%9C-084820523.html
世壯運跆拳道  羅嘉翎與劉聰達師徒角色互換 (圖),中央社,2025-05-28 16:48:02,/%E4%B8%96%E5%A3%AF%E9%81%8B%E8%B7%86%E6%8B%B3%E9%81%93-%E7%BE%85%E5%98%89%E7%BF%8E%E8%88%87%E5%8A%89%E8%81%B0%E9%81%94%E5%B8%AB%E5%BE%92%E8%A7%92%E8%89%B2%E4%BA%92%E6%8F%9B-%E5%9C%96-084802900.html
大葉大學創意人體大富翁　挑戰金氏世界紀錄,台灣好新聞,2025-05-28 16:48:00,/%E5%A4%A7%E8%91%89%E5%A4%A7%E5%AD%B8%E5%89%B5%E6%84%8F%E4%BA%BA%E9%AB%94%E5%A4%A7%E5%AF%8C%E7%BF%81-%E6%8C%91%E6%88%B0%E9%87%91%E6%B0%8F%E4%B8%96%E7%95%8C%E7%B4%80%E9%8C%84-084800009.html
寫一頁日記，交換智慧箴言：AI日記Life Note如何「招喚賈伯斯」，來一場跨時空長談？,數位時代,2025-05-28 16:47:48,/%E5%AF%AB-%E9%A0%81%E6%97%A5%E8%A8%98-%E4%BA%A4%E6%8F%9B%E6%99%BA%E6%85%A7%E7%AE%B4%E8%A8%80-ai%E6%97%A5%E8%A8%98life-note%E5%A6%82%E4%BD%95-084748245.html
突破青年求職困境 普仁基金會發起《育成計畫 Break the Limits》,台灣新生報,2025-05-28 16:47:47,/%E7%AA%81%E7%A0%B4%E9%9D%92%E5%B9%B4%E6%B1%82%E8%81%B7%E5%9B%B0%E5%A2%83-%E6%99%AE%E4%BB%81%E5%9F%BA%E9%87%91%E6%9C%83%E7%99%BC%E8%B5%B7-%E8%82%B2%E6%88%90%E8%A8%88%E7%95%AB-break-limits-084747550.html
2030年前台中會有大巨蛋！棒協允諾協助並強調「落實世界棒球之都」稱號,太報,2025-05-28 16:47:46,/2030%E5%B9%B4%E5%89%8D%E5%8F%B0%E4%B8%AD%E6%9C%83%E6%9C%89%E5%A4%A7%E5%B7%A8%E8%9B%8B-%E6%A3%92%E5%8D%94%E5%85%81%E8%AB%BE%E5%8D%94%E5%8A%A9%E4%B8%A6%E5%BC%B7%E8%AA%BF-%E8%90%BD%E5%AF%A6%E4%B8%96%E7%95%8C%E6%A3%92%E7%90%83%E4%B9%8B%E9%83%BD-%E7%A8%B1%E8%99%9F-084746629.html
南投竹山建築工人跌倒 鋼筋插入眼窩緊急送醫,中央社,2025-05-28 16:47:30,/%E5%8D%97%E6%8A%95%E7%AB%B9%E5%B1%B1%E5%BB%BA%E7%AF%89%E5%B7%A5%E4%BA%BA%E8%B7%8C%E5%80%92-%E9%8B%BC%E7%AD%8B%E6%8F%92%E5%85%A5%E7%9C%BC%E7%AA%A9%E7%B7%8A%E6%80%A5%E9%80%81%E9%86%AB-084730137.html
軍友社榮譽理事長李棟樑慰勉桃園慈湖駐軍  感謝辛勞付出,中時新聞網,2025-05-28 16:47:18,/%E8%BB%8D%E5%8F%8B%E7%A4%BE%E6%A6%AE%E8%AD%BD%E7%90%86%E4%BA%8B%E9%95%B7%E6%9D%8E%E6%A3%9F%E6%A8%91%E6%85%B0%E5%8B%89%E6%A1%83%E5%9C%92%E6%85%88%E6%B9%96%E9%A7%90%E8%BB%8D-%E6%84%9F%E8%AC%9D%E8%BE%9B%E5%8B%9E%E4%BB%98%E5%87%BA-084718730.html
北市大淪「桃花窟」？ 周刊連環爆校長、院長「不倫女下屬」回應全曝光,太報,2025-05-28 16:47:15,/%E5%8C%97%E5%B8%82%E5%A4%A7%E6%B7%AA-%E6%A1%83%E8%8A%B1%E7%AA%9F-%E5%91%A8%E5%88%8A%E9%80%A3%E7%92%B0%E7%88%86%E6%A0%A1%E9%95%B7-%E9%99%A2%E9%95%B7-%E4%B8%8D%E5%80%AB%E5%A5%B3%E4%B8%8B%E5%B1%AC-084715020.html
影／陸軍飛訓部CH-47SD直升機　烏山頭水庫演練吊掛灑水,商傳媒,2025-05-28 16:47:05,/%E5%BD%B1-%E9%99%B8%E8%BB%8D%E9%A3%9B%E8%A8%93%E9%83%A8ch-47sd%E7%9B%B4%E5%8D%87%E6%A9%9F-%E7%83%8F%E5%B1%B1%E9%A0%AD%E6%B0%B4%E5%BA%AB%E6%BC%94%E7%B7%B4%E5%90%8A%E6%8E%9B%E7%81%91%E6%B0%B4-084705078.html
快訊／「鋼筋插眼5cm釘進顱內」南投34歲男工地跌落　顏面骨碎裂昏迷搶救中,鏡週刊Mirror Media,2025-05-28 16:47:00,/%E5%BF%AB%E8%A8%8A-%E9%8B%BC%E7%AD%8B%E6%8F%92%E7%9C%BC5cm%E9%87%98%E9%80%B2%E9%A1%B1%E5%85%A7-%E5%8D%97%E6%8A%9534%E6%AD%B2%E7%94%B7%E5%B7%A5%E5%9C%B0%E8%B7%8C%E8%90%BD-%E9%A1%8F%E9%9D%A2%E9%AA%A8%E7%A2%8E%E8%A3%82%E6%98%8F%E8%BF%B7%E6%90%B6%E6%95%91%E4%B8%AD-084700570.html
每天成交1.3棟 北市透天老屋賣500件 專家分析3趨勢,Yahoo奇摩股市,2025-05-28 16:46:40,/%E6%AF%8F%E5%A4%A9%E6%88%90%E4%BA%A413%E6%A3%9F-%E5%8C%97%E5%B8%82%E9%80%8F%E5%A4%A9%E8%80%81%E5%B1%8B%E8%B3%A3500%E4%BB%B6-%E5%B0%88%E5%AE%B6%E5%88%86%E6%9E%903%E8%B6%A8%E5%8B%A2-084640684.html
台中將興建容納3萬人的多功能大巨蛋　預計最快4年後完工,民報,2025-05-28 16:46:09,/%E5%8F%B0%E4%B8%AD%E5%B0%87%E8%88%88%E5%BB%BA%E5%AE%B9%E7%B4%8D3%E8%90%AC%E4%BA%BA%E7%9A%84%E5%A4%9A%E5%8A%9F%E8%83%BD%E5%A4%A7%E5%B7%A8%E8%9B%8B-%E9%A0%90%E8%A8%88%E6%9C%80%E5%BF%AB4%E5%B9%B4%E5%BE%8C%E5%AE%8C%E5%B7%A5-084609474.html
謝盈萱開示「結2次婚都出狀況」　網友要劉若英賠眼淚,太報,2025-05-28 16:46:09,/%E8%AC%9D%E7%9B%88%E8%90%B1%E9%96%8B%E7%A4%BA-%E7%B5%902%E6%AC%A1%E5%A9%9A%E9%83%BD%E5%87%BA%E7%8B%80%E6%B3%81-%E7%B6%B2%E5%8F%8B%E8%A6%81%E5%8A%89%E8%8B%A5%E8%8B%B1%E8%B3%A0%E7%9C%BC%E6%B7%9A-084609074.html
25歲網紅千千胃全切仍癌逝！醫：胃癌元兇可能是它,造咖,2025-05-28 16:46:00,/25%E6%AD%B2%E7%B6%B2%E7%B4%85%E5%8D%83%E5%8D%83%E8%83%83%E5%85%A8%E5%88%87%E4%BB%8D%E7%99%8C%E9%80%9D-%E9%86%AB-%E8%83%83%E7%99%8C%E5%85%83%E5%85%87%E5%8F%AF%E8%83%BD%E6%98%AF%E5%AE%83-084600813.html
女兒瑞士留學返台...彈頭送上大禮「怕我將來沒力氣陪她」,Yahoo娛樂訊息,2025-05-28 16:45:46,/%E5%A5%B3%E5%85%92%E7%91%9E%E5%A3%AB%E7%95%99%E5%AD%B8%E8%BF%94%E5%8F%B0%E5%BD%88%E9%A0%AD%E9%80%81%E4%B8%8A%E5%A4%A7%E7%A6%AE%E3%80%8C%E6%80%95%E6%88%91%E5%B0%87%E4%BE%86%E6%B2%92%E5%8A%9B%E6%B0%A3%E9%99%AA%E5%A5%B9%E3%80%8D-084546905.html
北市交通死傷人數較同期下降 擬辦高齡汽車安全駕訓班,中時新聞網,2025-05-28 16:45:45,/%E5%8C%97%E5%B8%82%E4%BA%A4%E9%80%9A%E6%AD%BB%E5%82%B7%E4%BA%BA%E6%95%B8%E8%BC%83%E5%90%8C%E6%9C%9F%E4%B8%8B%E9%99%8D-%E6%93%AC%E8%BE%A6%E9%AB%98%E9%BD%A1%E6%B1%BD%E8%BB%8A%E5%AE%89%E5%85%A8%E9%A7%95%E8%A8%93%E7%8F%AD-084545426.html
參加美陣亡將士紀念日遊行  駐美組長劉慶元重逢「老同學」美參謀首長會議主席,中時新聞網,2025-05-28 16:45:43,/%E5%8F%83%E5%8A%A0%E7%BE%8E%E9%99%A3%E4%BA%A1%E5%B0%87%E5%A3%AB%E7%B4%80%E5%BF%B5%E6%97%A5%E9%81%8A%E8%A1%8C-%E9%A7%90%E7%BE%8E%E7%B5%84%E9%95%B7%E5%8A%89%E6%85%B6%E5%85%83%E9%87%8D%E9%80%A2-%E8%80%81%E5%90%8C%E5%AD%B8-%E7%BE%8E%E5%8F%83%E8%AC%80%E9%A6%96%E9%95%B7%E6%9C%83%E8%AD%B0%E4%B8%BB%E5%B8%AD-084543012.html
貿協2025首輪經貿指數：對等關稅後企業積極佈局 強化營運韌性,台灣新生報,2025-05-28 16:45:40,/%E8%B2%BF%E5%8D%942025%E9%A6%96%E8%BC%AA%E7%B6%93%E8%B2%BF%E6%8C%87%E6%95%B8-%E5%B0%8D%E7%AD%89%E9%97%9C%E7%A8%85%E5%BE%8C%E4%BC%81%E6%A5%AD%E7%A9%8D%E6%A5%B5%E4%BD%88%E5%B1%80-%E5%BC%B7%E5%8C%96%E7%87%9F%E9%81%8B%E9%9F%8C%E6%80%A7-084540995.html
英國利物浦汽車衝撞案駕駛人疑用毒、有路怒症,中央社,2025-05-28 16:45:27,/%E8%8B%B1%E5%9C%8B%E5%88%A9%E7%89%A9%E6%B5%A6%E6%B1%BD%E8%BB%8A%E8%A1%9D%E6%92%9E%E6%A1%88%E9%A7%95%E9%A7%9B%E4%BA%BA%E7%96%91%E7%94%A8%E6%AF%92-%E6%9C%89%E8%B7%AF%E6%80%92%E7%97%87-084527567.html
監察院爆公務車私用爭議　　李鴻鈞：停止以個人身分使用公務車到任期屆滿,華視,2025-05-28 16:45:00,/%E7%9B%A3%E5%AF%9F%E9%99%A2%E7%88%86%E5%85%AC%E5%8B%99%E8%BB%8A%E7%A7%81%E7%94%A8%E7%88%AD%E8%AD%B0-%E6%9D%8E%E9%B4%BB%E9%88%9E-%E5%81%9C%E6%AD%A2%E4%BB%A5%E5%80%8B%E4%BA%BA%E8%BA%AB%E5%88%86%E4%BD%BF%E7%94%A8%E5%85%AC%E5%8B%99%E8%BB%8A%E5%88%B0%E4%BB%BB%E6%9C%9F%E5%B1%86%E6%BB%BF-084500721.html
愛盲基金會推「愛盲生活自主培力計畫」 扶助視障女性重拾美力人生,台灣新生報,2025-05-28 16:44:47,/%E6%84%9B%E7%9B%B2%E5%9F%BA%E9%87%91%E6%9C%83%E6%8E%A8-%E6%84%9B%E7%9B%B2%E7%94%9F%E6%B4%BB%E8%87%AA%E4%B8%BB%E5%9F%B9%E5%8A%9B%E8%A8%88%E7%95%AB-%E6%89%B6%E5%8A%A9%E8%A6%96%E9%9A%9C%E5%A5%B3%E6%80%A7%E9%87%8D%E6%8B%BE%E7%BE%8E%E5%8A%9B%E4%BA%BA%E7%94%9F-084447145.html
劉畊宏遭爆欠700萬未還挨告！ 吳宗憲聲援：人紅被蹭,中時新聞網,2025-05-28 16:44:38,/%E5%8A%89%E7%95%8A%E5%AE%8F%E9%81%AD%E7%88%86%E6%AC%A0700%E8%90%AC%E6%9C%AA%E9%82%84%E6%8C%A8%E5%91%8A-%E5%90%B3%E5%AE%97%E6%86%B2%E8%81%B2%E6%8F%B4-%E4%BA%BA%E7%B4%85%E8%A2%AB%E8%B9%AD-084438824.html
世壯運跆拳道  羅嘉翎場邊執教（2） (圖),中央社,2025-05-28 16:43:59,/%E4%B8%96%E5%A3%AF%E9%81%8B%E8%B7%86%E6%8B%B3%E9%81%93-%E7%BE%85%E5%98%89%E7%BF%8E%E5%A0%B4%E9%82%8A%E5%9F%B7%E6%95%99-2-%E5%9C%96-084359784.html
世壯運跆拳道  羅嘉翎場邊執教（1） (圖),中央社,2025-05-28 16:43:57,/%E4%B8%96%E5%A3%AF%E9%81%8B%E8%B7%86%E6%8B%B3%E9%81%93-%E7%BE%85%E5%98%89%E7%BF%8E%E5%A0%B4%E9%82%8A%E5%9F%B7%E6%95%99-1-%E5%9C%96-084357694.html
各種習俗都體驗 花蓮市幼迎端午,國立教育廣播電台,2025-05-28 16:43:46,/%E5%90%84%E7%A8%AE%E7%BF%92%E4%BF%97%E9%83%BD%E9%AB%94%E9%A9%97-%E8%8A%B1%E8%93%AE%E5%B8%82%E5%B9%BC%E8%BF%8E%E7%AB%AF%E5%8D%88-084346790.html
朱鬆口交棒喊黨魁改選如期舉行　藍委有異見：黨內應優先撐過罷免,民視影音,2025-05-28 16:43:45,/%E6%9C%B1%E9%AC%86%E5%8F%A3%E4%BA%A4%E6%A3%92%E5%96%8A%E9%BB%A8%E9%AD%81%E6%94%B9%E9%81%B8%E5%A6%82%E6%9C%9F%E8%88%89%E8%A1%8C-%E8%97%8D%E5%A7%94%E6%9C%89%E7%95%B0%E8%A6%8B-%E9%BB%A8%E5%85%A7%E6%87%89%E5%84%AA%E5%85%88%E6%92%90%E9%81%8E%E7%BD%B7%E5%85%8D-084345133.html
朱鬆口交棒喊黨魁改選如期舉行　藍委有異見：黨內應優先撐過罷免,民視,2025-05-28 16:43:45,/%E6%9C%B1%E9%AC%86%E5%8F%A3%E4%BA%A4%E6%A3%92%E5%96%8A%E9%BB%A8%E9%AD%81%E6%94%B9%E9%81%B8%E5%A6%82%E6%9C%9F%E8%88%89%E8%A1%8C-%E8%97%8D%E5%A7%94%E6%9C%89%E7%95%B0%E8%A6%8B-%E9%BB%A8%E5%85%A7%E6%87%89%E5%84%AA%E5%85%88%E6%92%90%E9%81%8E%E7%BD%B7%E5%85%8D-082105647.html
女碩士PTT問「陳菊走了？」遭送辦　法院裁定不罰原因曝光,鏡新聞,2025-05-28 16:43:30,/%E5%A5%B3%E7%A2%A9%E5%A3%ABptt%E5%95%8F-%E9%99%B3%E8%8F%8A%E8%B5%B0%E4%BA%86-%E9%81%AD%E9%80%81%E8%BE%A6-%E6%B3%95%E9%99%A2%E8%A3%81%E5%AE%9A%E4%B8%8D%E7%BD%B0%E5%8E%9F%E5%9B%A0%E6%9B%9D%E5%85%89-084330115.html
公務車私用爭議頻傳　監察院要查了,民視,2025-05-28 16:43:28,/%E5%85%AC%E5%8B%99%E8%BB%8A%E7%A7%81%E7%94%A8%E7%88%AD%E8%AD%B0%E9%A0%BB%E5%82%B3-%E7%9B%A3%E5%AF%9F%E9%99%A2%E8%A6%81%E6%9F%A5%E4%BA%86-084328338.html
亞泥股東會通過每股配發現金2.2元 現金殖利率5.2％,台灣新生報,2025-05-28 16:43:11,/%E4%BA%9E%E6%B3%A5%E8%82%A1%E6%9D%B1%E6%9C%83%E9%80%9A%E9%81%8E%E6%AF%8F%E8%82%A1%E9%85%8D%E7%99%BC%E7%8F%BE%E9%87%912-2%E5%85%83-%E7%8F%BE%E9%87%91%E6%AE%96%E5%88%A9%E7%8E%875-2-084311288.html
碎屍魔張介宗再羈押3個月　高雄地院認定「有反覆犯罪之虞」,民視,2025-05-28 16:43:02,/%E7%A2%8E%E5%B1%8D%E9%AD%94%E5%BC%B5%E4%BB%8B%E5%AE%97%E5%86%8D%E7%BE%88%E6%8A%BC3%E5%80%8B%E6%9C%88-%E9%AB%98%E9%9B%84%E5%9C%B0%E9%99%A2%E8%AA%8D%E5%AE%9A-%E6%9C%89%E5%8F%8D%E8%A6%86%E7%8A%AF%E7%BD%AA%E4%B9%8B%E8%99%9E-084302605.html
孫可芳被兒子叫哥哥　乾爹許光漢送娃娃車代步,鏡週刊Mirror Media,2025-05-28 16:43:00,/%E5%AD%AB%E5%8F%AF%E8%8A%B3%E8%A2%AB%E5%85%92%E5%AD%90%E5%8F%AB%E5%93%A5%E5%93%A5-%E4%B9%BE%E7%88%B9%E8%A8%B1%E5%85%89%E6%BC%A2%E9%80%81%E5%A8%83%E5%A8%83%E8%BB%8A%E4%BB%A3%E6%AD%A5-084300327.html
日本7-Eleven「這甜點」恐混入金屬碎片　全面下架回收,民視,2025-05-28 16:42:57,/%E6%97%A5%E6%9C%AC7-eleven-%E9%80%99%E7%94%9C%E9%BB%9E-%E6%81%90%E6%B7%B7%E5%85%A5%E9%87%91%E5%B1%AC%E7%A2%8E%E7%89%87-%E5%85%A8%E9%9D%A2%E4%B8%8B%E6%9E%B6%E5%9B%9E%E6%94%B6-084257177.html
賴清德接見美國關島總督　肯定強化合作就能維護域和平,中天新聞網,2025-05-28 16:42:23,/%E8%B3%B4%E6%B8%85%E5%BE%B7%E6%8E%A5%E8%A6%8B%E7%BE%8E%E5%9C%8B%E9%97%9C%E5%B3%B6%E7%B8%BD%E7%9D%A3-%E8%82%AF%E5%AE%9A%E5%BC%B7%E5%8C%96%E5%90%88%E4%BD%9C%E5%B0%B1%E8%83%BD%E7%B6%AD%E8%AD%B7%E5%9F%9F%E5%92%8C%E5%B9%B3-090129206.html
興大育成團隊腎食堂發表五春米　專利低蛋白栽培技術讓腎友輕鬆吃飯,中廣新聞網,2025-05-28 16:41:59,/%E8%88%88%E5%A4%A7%E8%82%B2%E6%88%90%E5%9C%98%E9%9A%8A%E8%85%8E%E9%A3%9F%E5%A0%82%E7%99%BC%E8%A1%A8%E4%BA%94%E6%98%A5%E7%B1%B3-%E5%B0%88%E5%88%A9%E4%BD%8E%E8%9B%8B%E7%99%BD%E6%A0%BD%E5%9F%B9%E6%8A%80%E8%A1%93%E8%AE%93%E8%85%8E%E5%8F%8B%E8%BC%95%E9%AC%86%E5%90%83%E9%A3%AF-084159354.html
端午節前夕結合民間資源　士檢要讓更生人復歸更給力,匯流新聞網,2025-05-28 16:41:39,/%E7%AB%AF%E5%8D%88%E7%AF%80%E5%89%8D%E5%A4%95%E7%B5%90%E5%90%88%E6%B0%91%E9%96%93%E8%B3%87%E6%BA%90-%E5%A3%AB%E6%AA%A2%E8%A6%81%E8%AE%93%E6%9B%B4%E7%94%9F%E4%BA%BA%E5%BE%A9%E6%AD%B8%E6%9B%B4%E7%B5%A6%E5%8A%9B-084139900.html
懶人包》端午連假丟垃圾注意！部分縣市停收 各縣市清運時間一覽,新頭殼,2025-05-28 16:41:28,/%E6%87%B6%E4%BA%BA%E5%8C%85-%E7%AB%AF%E5%8D%88%E9%80%A3%E5%81%87%E4%B8%9F%E5%9E%83%E5%9C%BE%E6%B3%A8%E6%84%8F-%E9%83%A8%E5%88%86%E7%B8%A3%E5%B8%82%E5%81%9C%E6%94%B6-%E5%90%84%E7%B8%A3%E5%B8%82%E6%B8%85%E9%81%8B%E6%99%82%E9%96%93-%E8%A6%BD-084128109.html
高雄連環分屍案張嫌全盤否認 移審地院裁定羈押3月,中央社,2025-05-28 16:41:25,/%E9%AB%98%E9%9B%84%E9%80%A3%E7%92%B0%E5%88%86%E5%B1%8D%E6%A1%88%E5%BC%B5%E5%AB%8C%E5%85%A8%E7%9B%A4%E5%90%A6%E8%AA%8D-%E7%A7%BB%E5%AF%A9%E5%9C%B0%E9%99%A2%E8%A3%81%E5%AE%9A%E7%BE%88%E6%8A%BC3%E6%9C%88-084125005.html
愷樂一家確診新冠！她揭夫妻「3大症狀」,民視,2025-05-28 16:41:19,/%E6%84%B7%E6%A8%82-%E5%AE%B6%E7%A2%BA%E8%A8%BA%E6%96%B0%E5%86%A0-%E5%A5%B9%E6%8F%AD%E5%A4%AB%E5%A6%BB-3%E5%A4%A7%E7%97%87%E7%8B%80-084119379.html
公務員特殊查核辦法29日考試院會銜通過 特殊職位每3年查核一次,中央廣播電台,2025-05-28 16:41:10,/%E5%85%AC%E5%8B%99%E5%93%A1%E7%89%B9%E6%AE%8A%E6%9F%A5%E6%A0%B8%E8%BE%A6%E6%B3%9529%E6%97%A5%E8%80%83%E8%A9%A6%E9%99%A2%E6%9C%83%E9%8A%9C%E9%80%9A%E9%81%8E-%E7%89%B9%E6%AE%8A%E8%81%B7%E4%BD%8D%E6%AF%8F3%E5%B9%B4%E6%9F%A5%E6%A0%B8-%E6%AC%A1-084110597.html
北投區農會爆賄選　北市議員陳重文再度列被告、兒子也遭約談,鏡新聞,2025-05-28 16:40:53,/%E5%8C%97%E6%8A%95%E5%8D%80%E8%BE%B2%E6%9C%83%E7%88%86%E8%B3%84%E9%81%B8-%E5%8C%97%E5%B8%82%E8%AD%B0%E5%93%A1%E9%99%B3%E9%87%8D%E6%96%87%E5%86%8D%E5%BA%A6%E5%88%97%E8%A2%AB%E5%91%8A-%E5%85%92%E5%AD%90%E4%B9%9F%E9%81%AD%E7%B4%84%E8%AB%87-084053010.html
「台幣今年升值幅度世界第一強」　分析師揭2大關鍵：這幾檔股票最受惠,風傳媒,2025-05-28 16:40:00,/%E5%8F%B0%E5%B9%A3%E4%BB%8A%E5%B9%B4%E5%8D%87%E5%80%BC%E5%B9%85%E5%BA%A6%E4%B8%96%E7%95%8C%E7%AC%AC-%E5%BC%B7-%E5%88%86%E6%9E%90%E5%B8%AB%E6%8F%AD2%E5%A4%A7%E9%97%9C%E9%8D%B5-%E9%80%99%E5%B9%BE%E6%AA%94%E8%82%A1%E7%A5%A8%E6%9C%80%E5%8F%97%E6%83%A0-084000001.html
下半年受財神爺保佑！「4生肖」旺到年底,EBC東森新聞,2025-05-28 16:40:00,/%E4%B8%8B%E5%8D%8A%E5%B9%B4%E5%8F%97%E8%B2%A1%E7%A5%9E%E7%88%BA%E4%BF%9D%E4%BD%91-4%E7%94%9F%E8%82%96-%E6%97%BA%E5%88%B0%E5%B9%B4%E5%BA%95-084000428.html
指最大笑話「台灣不缺電但是會停電」　三三會林伯豐挺黃仁勳：若要發展AI核能非用不可,中廣新聞網,2025-05-28 16:39:30,/%E6%8C%87%E6%9C%80%E5%A4%A7%E7%AC%91%E8%A9%B1-%E5%8F%B0%E7%81%A3%E4%B8%8D%E7%BC%BA%E9%9B%BB%E4%BD%86%E6%98%AF%E6%9C%83%E5%81%9C%E9%9B%BB-%E4%B8%89%E4%B8%89%E6%9C%83%E6%9E%97%E4%BC%AF%E8%B1%90%E6%8C%BA%E9%BB%83%E4%BB%81%E5%8B%B3-%E8%8B%A5%E8%A6%81%E7%99%BC%E5%B1%95ai%E6%A0%B8%E8%83%BD%E9%9D%9E%E7%94%A8%E4%B8%8D%E5%8F%AF-083930831.html
柯文哲又被延押  何時才能出來？郭正亮曝關鍵條件,中時新聞網,2025-05-28 16:39:27,/%E6%9F%AF%E6%96%87%E5%93%B2%E5%8F%88%E8%A2%AB%E5%BB%B6%E6%8A%BC-%E4%BD%95%E6%99%82%E6%89%8D%E8%83%BD%E5%87%BA%E4%BE%86-%E9%83%AD%E6%AD%A3%E4%BA%AE%E6%9B%9D%E9%97%9C%E9%8D%B5%E6%A2%9D%E4%BB%B6-083927124.html
劉聰達世壯運拚到拉傷奪銀 愛徒羅嘉翎直言不捨,中央社,2025-05-28 16:39:23,/%E5%8A%89%E8%81%B0%E9%81%94%E4%B8%96%E5%A3%AF%E9%81%8B%E6%8B%9A%E5%88%B0%E6%8B%89%E5%82%B7%E5%A5%AA%E9%8A%80-%E6%84%9B%E5%BE%92%E7%BE%85%E5%98%89%E7%BF%8E%E7%9B%B4%E8%A8%80%E4%B8%8D%E6%8D%A8-083923096.html
悚！工人建築工地跌倒「鋼筋插入左眼」,太報,2025-05-28 16:39:21,/%E6%82%9A-%E5%B7%A5%E4%BA%BA%E5%BB%BA%E7%AF%89%E5%B7%A5%E5%9C%B0%E8%B7%8C%E5%80%92-%E9%8B%BC%E7%AD%8B%E6%8F%92%E5%85%A5%E5%B7%A6%E7%9C%BC-083921667.html
英超冠軍悲歌！利物浦封王遊行爆「汽車輾人群」，47球迷濺血,風傳媒,2025-05-28 16:39:12,/%E8%8B%B1%E8%B6%85%E5%86%A0%E8%BB%8D%E6%82%B2%E6%AD%8C-%E5%88%A9%E7%89%A9%E6%B5%A6%E5%B0%81%E7%8E%8B%E9%81%8A%E8%A1%8C%E7%88%86-%E6%B1%BD%E8%BB%8A%E8%BC%BE%E4%BA%BA%E7%BE%A4-47%E7%90%83%E8%BF%B7%E6%BF%BA%E8%A1%80-083912178.html
休傑克曼牽新女友「確定離婚」 結縭27年前妻首吐背叛心聲,中時新聞網,2025-05-28 16:39:11,/%E4%BC%91%E5%82%91%E5%85%8B%E6%9B%BC%E7%89%BD%E6%96%B0%E5%A5%B3%E5%8F%8B-%E7%A2%BA%E5%AE%9A%E9%9B%A2%E5%A9%9A-%E7%B5%90%E7%B8%AD27%E5%B9%B4%E5%89%8D%E5%A6%BB%E9%A6%96%E5%90%90%E8%83%8C%E5%8F%9B%E5%BF%83%E8%81%B2-083911697.html
早就鋪局？Andy控家寧「偷手機還不還電腦」放火怒揭內幕：細思極恐,三立新聞網 setn.com,2025-05-28 16:39:00,/%E6%97%A9%E5%B0%B1%E9%8B%AA%E5%B1%80-andy%E6%8E%A7%E5%AE%B6%E5%AF%A7-%E5%81%B7%E6%89%8B%E6%A9%9F%E9%82%84%E4%B8%8D%E9%82%84%E9%9B%BB%E8%85%A6-%E6%94%BE%E7%81%AB%E6%80%92%E6%8F%AD%E5%85%A7%E5%B9%95-%E7%B4%B0%E6%80%9D%E6%A5%B5%E6%81%90-083900051.html
中配「請不要講台語」挨轟！國台辦幫腔「台灣社會病了」：毫無人性,三立新聞網 setn.com,2025-05-28 16:39:00,/%E4%B8%AD%E9%85%8D-%E8%AB%8B%E4%B8%8D%E8%A6%81%E8%AC%9B%E5%8F%B0%E8%AA%9E-%E6%8C%A8%E8%BD%9F-%E5%9C%8B%E5%8F%B0%E8%BE%A6%E5%B9%AB%E8%85%94-%E5%8F%B0%E7%81%A3%E7%A4%BE%E6%9C%83%E7%97%85%E4%BA%86-083900326.html
腎臟病友飲食新選擇！中興大學攜手青農推「低蛋白機能米」,中時新聞網,2025-05-28 16:39:00,/%E8%85%8E%E8%87%9F%E7%97%85%E5%8F%8B%E9%A3%B2%E9%A3%9F%E6%96%B0%E9%81%B8%E6%93%87-%E4%B8%AD%E8%88%88%E5%A4%A7%E5%AD%B8%E6%94%9C%E6%89%8B%E9%9D%92%E8%BE%B2%E6%8E%A8-%E4%BD%8E%E8%9B%8B%E7%99%BD%E6%A9%9F%E8%83%BD%E7%B1%B3-083900714.html
市政路通車致工業區方向車流壅塞,今日新聞NOWnews,2025-05-28 16:38:54,/%E5%B8%82%E6%94%BF%E8%B7%AF%E9%80%9A%E8%BB%8A%E8%87%B4%E5%B7%A5%E6%A5%AD%E5%8D%80%E6%96%B9%E5%90%91%E8%BB%8A%E6%B5%81%E5%A3%85%E5%A1%9E-083854448.html
愷樂全家確診新冠　心疼兒「菸酒嗓喊媽媽」狂燒2天,中天新聞網,2025-05-28 16:38:37,/%E6%84%B7%E6%A8%82%E5%85%A8%E5%AE%B6%E7%A2%BA%E8%A8%BA%E6%96%B0%E5%86%A0-%E5%BF%83%E7%96%BC%E5%85%92-%E8%8F%B8%E9%85%92%E5%97%93%E5%96%8A%E5%AA%BD%E5%AA%BD-%E7%8B%82%E7%87%922%E5%A4%A9-083837127.html
才播出半年！利菁《后宮歐買尬》驚傳收攤,今日新聞NOWnews,2025-05-28 16:38:28,/%E6%89%8D%E6%92%AD%E5%87%BA%E5%8D%8A%E5%B9%B4-%E5%88%A9%E8%8F%81-%E5%90%8E%E5%AE%AE%E6%AD%90%E8%B2%B7%E5%B0%AC-%E9%A9%9A%E5%82%B3%E6%94%B6%E6%94%A4-083828018.html
SpaceX星艦升空後高空解體　馬斯克罕見坦承：涉政治過深已回歸本業,CTWANT,2025-05-28 16:38:22,/spacex%E6%98%9F%E8%89%A6%E5%8D%87%E7%A9%BA%E5%BE%8C%E9%AB%98%E7%A9%BA%E8%A7%A3%E9%AB%94-%E9%A6%AC%E6%96%AF%E5%85%8B%E7%BD%95%E8%A6%8B%E5%9D%A6%E6%89%BF-%E6%B6%89%E6%94%BF%E6%B2%BB%E9%81%8E%E6%B7%B1%E5%B7%B2%E5%9B%9E%E6%AD%B8%E6%9C%AC%E6%A5%AD-083822031.html
市政路通車致工業區方向車流壅塞,今日新聞NOWnews,2025-05-28 16:38:54,/%E5%B8%82%E6%94%BF%E8%B7%AF%E9%80%9A%E8%BB%8A%E8%87%B4%E5%B7%A5%E6%A5%AD%E5%8D%80%E6%96%B9%E5%90%91%E8%BB%8A%E6%B5%81%E5%A3%85%E5%A1%9E-083854448.html
愷樂全家確診新冠　心疼兒「菸酒嗓喊媽媽」狂燒2天,中天新聞網,2025-05-28 16:38:37,/%E6%84%B7%E6%A8%82%E5%85%A8%E5%AE%B6%E7%A2%BA%E8%A8%BA%E6%96%B0%E5%86%A0-%E5%BF%83%E7%96%BC%E5%85%92-%E8%8F%B8%E9%85%92%E5%97%93%E5%96%8A%E5%AA%BD%E5%AA%BD-%E7%8B%82%E7%87%922%E5%A4%A9-083837127.html
才播出半年！利菁《后宮歐買尬》驚傳收攤,今日新聞NOWnews,2025-05-28 16:38:28,/%E6%89%8D%E6%92%AD%E5%87%BA%E5%8D%8A%E5%B9%B4-%E5%88%A9%E8%8F%81-%E5%90%8E%E5%AE%AE%E6%AD%90%E8%B2%B7%E5%B0%AC-%E9%A9%9A%E5%82%B3%E6%94%B6%E6%94%A4-083828018.html
SpaceX星艦升空後高空解體　馬斯克罕見坦承：涉政治過深已回歸本業,CTWANT,2025-05-28 16:38:22,/spacex%E6%98%9F%E8%89%A6%E5%8D%87%E7%A9%BA%E5%BE%8C%E9%AB%98%E7%A9%BA%E8%A7%A3%E9%AB%94-%E9%A6%AC%E6%96%AF%E5%85%8B%E7%BD%95%E8%A6%8B%E5%9D%A6%E6%89%BF-%E6%B6%89%E6%94%BF%E6%B2%BB%E9%81%8E%E6%B7%B1%E5%B7%B2%E5%9B%9E%E6%AD%B8%E6%9C%AC%E6%A5%AD-083822031.html
南投選委會自招「戶政系統」干預罷免　林楚茵：抓到鬼了！,太報,2025-05-28 16:38:10,/%E5%8D%97%E6%8A%95%E9%81%B8%E5%A7%94%E6%9C%83%E8%87%AA%E6%8B%9B-%E6%88%B6%E6%94%BF%E7%B3%BB%E7%B5%B1-%E5%B9%B2%E9%A0%90%E7%BD%B7%E5%85%8D-%E6%9E%97%E6%A5%9A%E8%8C%B5-%E6%8A%93%E5%88%B0%E9%AC%BC%E4%BA%86-083810789.html
抽Uber司機給的菸　工程師昏迷「慘噴370萬」丟野外！另一人甚至被鋸手腳,鏡週刊Mirror Media,2025-05-28 16:38:00,/%E6%8A%BDuber%E5%8F%B8%E6%A9%9F%E7%B5%A6%E7%9A%84%E8%8F%B8-%E5%B7%A5%E7%A8%8B%E5%B8%AB%E6%98%8F%E8%BF%B7-%E6%85%98%E5%99%B4370%E8%90%AC-%E4%B8%9F%E9%87%8E%E5%A4%96-%E5%8F%A6-083800320.html
國科會辦在宅醫療跨部會工作坊 吳誠文：先了解民眾需求,中時財經即時,2025-05-28 16:37:52,/%E5%9C%8B%E7%A7%91%E6%9C%83%E8%BE%A6%E5%9C%A8%E5%AE%85%E9%86%AB%E7%99%82%E8%B7%A8%E9%83%A8%E6%9C%83%E5%B7%A5%E4%BD%9C%E5%9D%8A-%E5%90%B3%E8%AA%A0%E6%96%87-%E5%85%88%E4%BA%86%E8%A7%A3%E6%B0%91%E7%9C%BE%E9%9C%80%E6%B1%82-083752146.html
民進黨南市黨部執行長人事布達  黨務運作銜接持續戰鬥,新頭殼,2025-05-28 16:37:49,/%E6%B0%91%E9%80%B2%E9%BB%A8%E5%8D%97%E5%B8%82%E9%BB%A8%E9%83%A8%E5%9F%B7%E8%A1%8C%E9%95%B7%E4%BA%BA%E4%BA%8B%E5%B8%83%E9%81%94-%E9%BB%A8%E5%8B%99%E9%81%8B%E4%BD%9C%E9%8A%9C%E6%8E%A5%E6%8C%81%E7%BA%8C%E6%88%B0%E9%AC%A5-083749529.html
下半年增3天國定假日！ 遇到周末如何補假 人總這樣說,中時財經即時,2025-05-28 16:37:45,/%E4%B8%8B%E5%8D%8A%E5%B9%B4%E5%A2%9E3%E5%A4%A9%E5%9C%8B%E5%AE%9A%E5%81%87%E6%97%A5-%E9%81%87%E5%88%B0%E5%91%A8%E6%9C%AB%E5%A6%82%E4%BD%95%E8%A3%9C%E5%81%87-%E4%BA%BA%E7%B8%BD%E9%80%99%E6%A8%A3%E8%AA%AA-083745784.html
培育智慧長照與人才   板橋榮家致理科大簽合作意向書,民眾日報,2025-05-28 16:37:45,/%E5%9F%B9%E8%82%B2%E6%99%BA%E6%85%A7%E9%95%B7%E7%85%A7%E8%88%87%E4%BA%BA%E6%89%8D-%E6%9D%BF%E6%A9%8B%E6%A6%AE%E5%AE%B6%E8%87%B4%E7%90%86%E7%A7%91%E5%A4%A7%E7%B0%BD%E5%90%88%E4%BD%9C%E6%84%8F%E5%90%91%E6%9B%B8-083745528.html
真的能在開車飛上天！　首款「飛行車」2026年將量產上市,CTWANT,2025-05-28 16:37:41,/%E7%9C%9F%E7%9A%84%E8%83%BD%E5%9C%A8%E9%96%8B%E8%BB%8A%E9%A3%9B%E4%B8%8A%E5%A4%A9-%E9%A6%96%E6%AC%BE-%E9%A3%9B%E8%A1%8C%E8%BB%8A-2026%E5%B9%B4%E5%B0%87%E9%87%8F%E7%94%A2%E4%B8%8A%E5%B8%82-083741968.html
內政部推中正路改名  朱立倫反問陳其邁1句,中時新聞網,2025-05-28 16:37:37,/%E5%85%A7%E6%94%BF%E9%83%A8%E6%8E%A8%E4%B8%AD%E6%AD%A3%E8%B7%AF%E6%94%B9%E5%90%8D-%E6%9C%B1%E7%AB%8B%E5%80%AB%E5%8F%8D%E5%95%8F%E9%99%B3%E5%85%B6%E9%82%811%E5%8F%A5-083737327.html
訪白宮遭川普「突襲」　南非總統出席研討會、見場內昏暗自嘲「怎麼又來了」,太報,2025-05-28 16:37:24,/%E8%A8%AA%E7%99%BD%E5%AE%AE%E9%81%AD%E5%B7%9D%E6%99%AE-%E7%AA%81%E8%A5%B2-%E5%8D%97%E9%9D%9E%E7%B8%BD%E7%B5%B1%E5%87%BA%E5%B8%AD%E7%A0%94%E8%A8%8E%E6%9C%83-%E8%A6%8B%E5%A0%B4%E5%85%A7%E6%98%8F%E6%9A%97%E8%87%AA%E5%98%B2-%E6%80%8E%E9%BA%BC%E5%8F%88%E4%BE%86%E4%BA%86-083724907.html
南投34歲工人疑工地跌倒　「鋼筋驚悚插眼」未脫險境,中天新聞網,2025-05-28 16:37:20,/%E5%8D%97%E6%8A%9534%E6%AD%B2%E5%B7%A5%E4%BA%BA%E7%96%91%E5%B7%A5%E5%9C%B0%E8%B7%8C%E5%80%92-%E9%8B%BC%E7%AD%8B%E9%A9%9A%E6%82%9A%E6%8F%92%E7%9C%BC-%E6%9C%AA%E8%84%AB%E9%9A%AA%E5%A2%83-083720747.html
好消息！衛福部「預算凍結64案、26億元」立法院今全解凍,三立新聞網 setn.com,2025-05-28 16:37:00,/%E5%A5%BD%E6%B6%88%E6%81%AF-%E8%A1%9B%E7%A6%8F%E9%83%A8-%E9%A0%90%E7%AE%97%E5%87%8D%E7%B5%9064%E6%A1%88-26%E5%84%84%E5%85%83-%E7%AB%8B%E6%B3%95%E9%99%A2%E4%BB%8A%E5%85%A8%E8%A7%A3%E5%87%8D-083700344.html
荒淫里長砲兵團最愛「龍宮」多人亂鬥　極樂價格曝光,壹蘋新聞網,2025-05-28 16:37:00,/%E8%8D%92%E6%B7%AB%E9%87%8C%E9%95%B7%E7%A0%B2%E5%85%B5%E5%9C%98%E6%9C%80%E6%84%9B-%E9%BE%8D%E5%AE%AE-%E5%A4%9A%E4%BA%BA%E4%BA%82%E9%AC%A5-%E6%A5%B5%E6%A8%82%E5%83%B9%E6%A0%BC%E6%9B%9D%E5%85%89-083700912.html
巧遇亡父生前護理師！賈靜雯被1句話逼哭了,今日新聞NOWnews,2025-05-28 16:36:58,/%E5%B7%A7%E9%81%87%E4%BA%A1%E7%88%B6%E7%94%9F%E5%89%8D%E8%AD%B7%E7%90%86%E5%B8%AB-%E8%B3%88%E9%9D%9C%E9%9B%AF%E8%A2%AB1%E5%8F%A5%E8%A9%B1%E9%80%BC%E5%93%AD%E4%BA%86-083658016.html
海軍駐艇官帶隊餐敘放空艦艇　遭撤職判緩刑3年,中天新聞網,2025-05-28 16:36:58,/%E6%B5%B7%E8%BB%8D%E9%A7%90%E8%89%87%E5%AE%98%E5%B8%B6%E9%9A%8A%E9%A4%90%E6%95%98%E6%94%BE%E7%A9%BA%E8%89%A6%E8%89%87-%E9%81%AD%E6%92%A4%E8%81%B7%E5%88%A4%E7%B7%A9%E5%88%913%E5%B9%B4-022107368.html
苗栗藝術與美感成果展登場,中華日報,2025-05-28 16:36:54,/%E8%8B%97%E6%A0%97%E8%97%9D%E8%A1%93%E8%88%87%E7%BE%8E%E6%84%9F%E6%88%90%E6%9E%9C%E5%B1%95%E7%99%BB%E5%A0%B4-083654085.html
學生立委關注校園手機管理 教育部長:尊重親師生共識,國立教育廣播電台,2025-05-28 16:36:53,/%E5%AD%B8%E7%94%9F%E7%AB%8B%E5%A7%94%E9%97%9C%E6%B3%A8%E6%A0%A1%E5%9C%92%E6%89%8B%E6%A9%9F%E7%AE%A1%E7%90%86-%E6%95%99%E8%82%B2%E9%83%A8%E9%95%B7-%E5%B0%8A%E9%87%8D%E8%A6%AA%E5%B8%AB%E7%94%9F%E5%85%B1%E8%AD%98-083653781.html
